22.81,22.71,22.57,22.43,22.34,22.26,22.19,22.13,22.09,22.05,22.02,22,21.98,21.97,21.97,21.97,21.98,NA,NA,NA,NA,NA,NA,NA,NA,NA,NA,NA,NA,NA,NA,NA,NA,NA,NA,NA,NA,NA,NA,NA,NA,NA,NA,NA,NA,NA,NA,NA,NA,NA,NA,NA,NA,NA,NA,NA,NA,NA,NA,NA,NA,NA,NA,NA,NA,NA,NA,NA,NA,NA,NA,NA,NA,NA,NA,NA,NA,NA,NA,NA,NA,NA
22.3,22.22,22.16,22.1,22.05,22.01,21.97,21.94,21.92,21.9,21.89,21.89,21.89,21.89,21.9,21.91,21.92,NA,NA,NA,NA,NA,NA,NA,NA,NA,NA,NA,NA,NA,NA,NA,NA,NA,NA,NA,NA,NA,NA,NA,NA,NA,NA,NA,NA,NA,NA,NA,NA,NA,NA,NA,NA,NA,NA,NA,NA,NA,NA,NA,NA,NA,NA,NA,NA,NA,NA,NA,NA,NA,NA,NA,NA,NA,NA,NA,NA,NA,NA,NA,NA,NA
22.81,22.83,22.67,22.6,22.53,22.48,22.43,22.4,22.37,22.35,22.33,22.32,22.31,22.31,22.32,22.33,22.34,22.35,NA,NA,NA,NA,NA,NA,NA,NA,NA,NA,NA,NA,NA,NA,NA,NA,NA,NA,NA,NA,NA,NA,NA,NA,NA,NA,NA,NA,NA,NA,NA,NA,NA,NA,NA,NA,NA,NA,NA,NA,NA,NA,NA,NA,NA,NA,NA,NA,NA,NA,NA,NA,NA,NA,NA,NA,NA,NA,NA,NA,NA,NA,NA,NA
NA,22.09,22.1,22.01,22.05,22.05,22.05,22.05,22.06,22.07,22.08,22.09,22.11,22.12,22.14,22.17,22.19,22.22,22.24,NA,NA,NA,NA,NA,NA,NA,NA,NA,NA,NA,NA,NA,NA,NA,NA,NA,NA,NA,NA,NA,NA,NA,NA,NA,NA,NA,NA,NA,NA,NA,NA,NA,NA,NA,NA,NA,NA,NA,NA,NA,NA,NA,NA,NA,NA,NA,NA,NA,NA,NA,NA,NA,NA,NA,NA,NA,NA,NA,NA,NA,NA,NA
NA,23.59,23.38,23.15,23.09,22.98,22.88,22.8,22.72,22.67,22.62,22.58,22.55,22.53,22.51,22.51,22.5,22.5,22.51,NA,NA,NA,NA,NA,NA,NA,NA,NA,NA,NA,NA,NA,NA,NA,NA,NA,NA,NA,NA,NA,NA,NA,NA,NA,NA,NA,NA,NA,NA,NA,NA,NA,NA,NA,NA,NA,NA,NA,NA,NA,NA,NA,NA,NA,NA,NA,NA,NA,NA,NA,NA,NA,NA,NA,NA,NA,NA,NA,NA,NA,NA,NA
NA,24.31,24.01,23.86,23.68,23.55,23.43,23.32,23.24,23.16,23.11,23.06,23.02,22.99,22.97,22.95,22.94,22.94,22.94,NA,NA,NA,NA,NA,NA,NA,NA,NA,NA,NA,NA,NA,NA,NA,NA,NA,NA,NA,NA,NA,NA,NA,NA,NA,NA,NA,NA,NA,NA,NA,NA,NA,NA,NA,NA,NA,NA,NA,NA,NA,NA,NA,NA,NA,NA,NA,NA,NA,NA,NA,NA,NA,NA,NA,NA,NA,NA,NA,NA,NA,NA,NA
NA,22.49,22.32,22.2,22.1,22.01,21.93,21.86,21.81,21.76,21.72,21.69,21.67,21.65,21.64,21.64,21.64,21.64,21.65,NA,NA,NA,NA,NA,NA,NA,NA,NA,NA,NA,NA,NA,NA,NA,NA,NA,NA,NA,NA,NA,NA,NA,NA,NA,NA,NA,NA,NA,NA,NA,NA,NA,NA,NA,NA,NA,NA,NA,NA,NA,NA,NA,NA,NA,NA,NA,NA,NA,NA,NA,NA,NA,NA,NA,NA,NA,NA,NA,NA,NA,NA,NA
NA,22.98,22.79,22.62,22.39,22.31,22.2,22.1,22.01,21.94,21.89,21.84,21.79,21.76,21.74,21.73,21.72,21.71,21.71,NA,NA,NA,NA,NA,NA,NA,NA,NA,NA,NA,NA,NA,NA,NA,NA,NA,NA,NA,NA,NA,NA,NA,NA,NA,NA,NA,NA,NA,NA,NA,NA,NA,NA,NA,NA,NA,NA,NA,NA,NA,NA,NA,NA,NA,NA,NA,NA,NA,NA,NA,NA,NA,NA,NA,NA,NA,NA,NA,NA,NA,NA,NA
NA,NA,23.08,22.86,22.65,22.46,22.28,22.13,22,21.89,21.8,21.72,21.65,21.6,21.56,21.53,21.5,21.48,21.47,21.47,NA,NA,NA,NA,NA,NA,NA,NA,NA,NA,NA,NA,NA,NA,NA,NA,NA,NA,NA,NA,NA,NA,NA,NA,NA,NA,NA,NA,NA,NA,NA,NA,NA,NA,NA,NA,NA,NA,NA,NA,NA,NA,NA,NA,NA,NA,NA,NA,NA,NA,NA,NA,NA,NA,NA,NA,NA,NA,NA,NA,NA,NA
NA,NA,24.61,24.29,23.99,23.75,23.54,23.36,23.2,23.06,22.96,22.86,22.77,22.7,22.65,22.61,22.57,22.55,22.53,22.52,NA,NA,NA,NA,NA,NA,NA,NA,NA,NA,NA,NA,NA,NA,NA,NA,NA,NA,NA,NA,NA,NA,NA,NA,NA,NA,NA,NA,NA,NA,NA,NA,NA,NA,NA,NA,NA,NA,NA,NA,NA,NA,NA,NA,NA,NA,NA,NA,NA,NA,NA,NA,NA,NA,NA,NA,NA,NA,NA,NA,NA,NA
NA,NA,24.04,23.69,23.43,23.26,23.06,22.89,22.75,22.62,22.53,22.43,22.35,22.29,22.25,22.21,22.18,22.15,22.14,22.13,NA,NA,NA,NA,NA,NA,NA,NA,NA,NA,NA,NA,NA,NA,NA,NA,NA,NA,NA,NA,NA,NA,NA,NA,NA,NA,NA,NA,NA,NA,NA,NA,NA,NA,NA,NA,NA,NA,NA,NA,NA,NA,NA,NA,NA,NA,NA,NA,NA,NA,NA,NA,NA,NA,NA,NA,NA,NA,NA,NA,NA,NA
NA,NA,26.31,25.65,25.37,25.03,24.71,24.43,24.19,23.98,23.82,23.67,23.53,23.42,23.34,23.26,23.2,23.15,23.11,23.08,NA,NA,NA,NA,NA,NA,NA,NA,NA,NA,NA,NA,NA,NA,NA,NA,NA,NA,NA,NA,NA,NA,NA,NA,NA,NA,NA,NA,NA,NA,NA,NA,NA,NA,NA,NA,NA,NA,NA,NA,NA,NA,NA,NA,NA,NA,NA,NA,NA,NA,NA,NA,NA,NA,NA,NA,NA,NA,NA,NA,NA,NA
NA,NA,NA,25.85,25.39,25.01,24.67,24.36,24.09,23.85,23.67,23.49,23.33,23.21,23.12,23.02,22.95,22.89,22.84,22.81,22.78,NA,NA,NA,NA,NA,NA,NA,NA,NA,NA,NA,NA,NA,NA,NA,NA,NA,NA,NA,NA,NA,NA,NA,NA,NA,NA,NA,NA,NA,NA,NA,NA,NA,NA,NA,NA,NA,NA,NA,NA,NA,NA,NA,NA,NA,NA,NA,NA,NA,NA,NA,NA,NA,NA,NA,NA,NA,NA,NA,NA,NA
NA,NA,NA,25.14,24.7,24.38,24.04,23.77,23.54,23.34,23.18,23.03,22.9,22.8,22.71,22.64,22.58,22.53,22.49,22.46,22.44,NA,NA,NA,NA,NA,NA,NA,NA,NA,NA,NA,NA,NA,NA,NA,NA,NA,NA,NA,NA,NA,NA,NA,NA,NA,NA,NA,NA,NA,NA,NA,NA,NA,NA,NA,NA,NA,NA,NA,NA,NA,NA,NA,NA,NA,NA,NA,NA,NA,NA,NA,NA,NA,NA,NA,NA,NA,NA,NA,NA,NA
NA,NA,NA,22.88,22.79,22.62,22.5,22.4,22.31,22.23,22.17,22.12,22.07,22.04,22.02,22,21.98,21.98,21.98,21.98,21.99,NA,NA,NA,NA,NA,NA,NA,NA,NA,NA,NA,NA,NA,NA,NA,NA,NA,NA,NA,NA,NA,NA,NA,NA,NA,NA,NA,NA,NA,NA,NA,NA,NA,NA,NA,NA,NA,NA,NA,NA,NA,NA,NA,NA,NA,NA,NA,NA,NA,NA,NA,NA,NA,NA,NA,NA,NA,NA,NA,NA,NA
NA,NA,NA,23.69,23.28,23.13,22.91,22.72,22.54,22.4,22.28,22.17,22.07,22,21.94,21.89,21.85,21.82,21.79,21.78,21.77,NA,NA,NA,NA,NA,NA,NA,NA,NA,NA,NA,NA,NA,NA,NA,NA,NA,NA,NA,NA,NA,NA,NA,NA,NA,NA,NA,NA,NA,NA,NA,NA,NA,NA,NA,NA,NA,NA,NA,NA,NA,NA,NA,NA,NA,NA,NA,NA,NA,NA,NA,NA,NA,NA,NA,NA,NA,NA,NA,NA,NA
NA,NA,NA,NA,23.64,23.41,23.06,22.96,22.79,22.64,22.53,22.42,22.32,22.25,22.2,22.14,22.1,22.07,22.05,22.03,22.02,22.02,NA,NA,NA,NA,NA,NA,NA,NA,NA,NA,NA,NA,NA,NA,NA,NA,NA,NA,NA,NA,NA,NA,NA,NA,NA,NA,NA,NA,NA,NA,NA,NA,NA,NA,NA,NA,NA,NA,NA,NA,NA,NA,NA,NA,NA,NA,NA,NA,NA,NA,NA,NA,NA,NA,NA,NA,NA,NA,NA,NA
NA,NA,NA,NA,23.73,23.6,23.41,23.18,23.01,22.86,22.75,22.64,22.54,22.47,22.41,22.36,22.32,22.29,22.27,22.25,22.24,22.24,NA,NA,NA,NA,NA,NA,NA,NA,NA,NA,NA,NA,NA,NA,NA,NA,NA,NA,NA,NA,NA,NA,NA,NA,NA,NA,NA,NA,NA,NA,NA,NA,NA,NA,NA,NA,NA,NA,NA,NA,NA,NA,NA,NA,NA,NA,NA,NA,NA,NA,NA,NA,NA,NA,NA,NA,NA,NA,NA,NA
NA,NA,NA,NA,25.22,24.87,24.6,24.31,24.07,23.86,23.7,23.54,23.4,23.29,23.21,23.12,23.06,23.01,22.97,22.93,22.91,22.89,NA,NA,NA,NA,NA,NA,NA,NA,NA,NA,NA,NA,NA,NA,NA,NA,NA,NA,NA,NA,NA,NA,NA,NA,NA,NA,NA,NA,NA,NA,NA,NA,NA,NA,NA,NA,NA,NA,NA,NA,NA,NA,NA,NA,NA,NA,NA,NA,NA,NA,NA,NA,NA,NA,NA,NA,NA,NA,NA,NA
NA,NA,NA,NA,26.5,26,25.58,25.28,24.97,24.7,24.49,24.29,24.1,23.96,23.84,23.73,23.65,23.57,23.51,23.46,23.42,23.4,NA,NA,NA,NA,NA,NA,NA,NA,NA,NA,NA,NA,NA,NA,NA,NA,NA,NA,NA,NA,NA,NA,NA,NA,NA,NA,NA,NA,NA,NA,NA,NA,NA,NA,NA,NA,NA,NA,NA,NA,NA,NA,NA,NA,NA,NA,NA,NA,NA,NA,NA,NA,NA,NA,NA,NA,NA,NA,NA,NA
NA,NA,NA,NA,26.88,26.4,25.82,25.41,25.07,24.75,24.5,24.26,24.03,23.86,23.73,23.59,23.49,23.39,23.32,23.26,23.21,23.17,NA,NA,NA,NA,NA,NA,NA,NA,NA,NA,NA,NA,NA,NA,NA,NA,NA,NA,NA,NA,NA,NA,NA,NA,NA,NA,NA,NA,NA,NA,NA,NA,NA,NA,NA,NA,NA,NA,NA,NA,NA,NA,NA,NA,NA,NA,NA,NA,NA,NA,NA,NA,NA,NA,NA,NA,NA,NA,NA,NA
NA,NA,NA,NA,NA,27.32,26.66,26.19,25.66,25.26,24.94,24.64,24.36,24.15,23.97,23.8,23.67,23.55,23.45,23.37,23.3,23.25,23.21,NA,NA,NA,NA,NA,NA,NA,NA,NA,NA,NA,NA,NA,NA,NA,NA,NA,NA,NA,NA,NA,NA,NA,NA,NA,NA,NA,NA,NA,NA,NA,NA,NA,NA,NA,NA,NA,NA,NA,NA,NA,NA,NA,NA,NA,NA,NA,NA,NA,NA,NA,NA,NA,NA,NA,NA,NA,NA,NA
NA,NA,NA,NA,NA,27.91,27.12,26.49,25.93,25.45,25.08,24.72,24.39,24.14,23.93,23.73,23.57,23.43,23.31,23.21,23.12,23.05,23,NA,NA,NA,NA,NA,NA,NA,NA,NA,NA,NA,NA,NA,NA,NA,NA,NA,NA,NA,NA,NA,NA,NA,NA,NA,NA,NA,NA,NA,NA,NA,NA,NA,NA,NA,NA,NA,NA,NA,NA,NA,NA,NA,NA,NA,NA,NA,NA,NA,NA,NA,NA,NA,NA,NA,NA,NA,NA,NA
NA,NA,NA,NA,NA,28.05,27.37,26.78,26.18,25.69,25.31,24.94,24.6,24.34,24.13,23.92,23.76,23.61,23.49,23.39,23.3,23.23,23.18,NA,NA,NA,NA,NA,NA,NA,NA,NA,NA,NA,NA,NA,NA,NA,NA,NA,NA,NA,NA,NA,NA,NA,NA,NA,NA,NA,NA,NA,NA,NA,NA,NA,NA,NA,NA,NA,NA,NA,NA,NA,NA,NA,NA,NA,NA,NA,NA,NA,NA,NA,NA,NA,NA,NA,NA,NA,NA,NA
NA,NA,NA,NA,NA,25.51,25.08,24.69,24.33,24.03,23.78,23.55,23.33,23.16,23.03,22.9,22.79,22.7,22.63,22.57,22.52,22.48,22.45,NA,NA,NA,NA,NA,NA,NA,NA,NA,NA,NA,NA,NA,NA,NA,NA,NA,NA,NA,NA,NA,NA,NA,NA,NA,NA,NA,NA,NA,NA,NA,NA,NA,NA,NA,NA,NA,NA,NA,NA,NA,NA,NA,NA,NA,NA,NA,NA,NA,NA,NA,NA,NA,NA,NA,NA,NA,NA,NA
NA,NA,NA,NA,NA,NA,25.78,25.21,24.73,24.42,24.13,23.85,23.59,23.39,23.23,23.07,22.95,22.84,22.75,22.67,22.61,22.56,22.52,NA,NA,NA,NA,NA,NA,NA,NA,NA,NA,NA,NA,NA,NA,NA,NA,NA,NA,NA,NA,NA,NA,NA,NA,NA,NA,NA,NA,NA,NA,NA,NA,NA,NA,NA,NA,NA,NA,NA,NA,NA,NA,NA,NA,NA,NA,NA,NA,NA,NA,NA,NA,NA,NA,NA,NA,NA,NA,NA
NA,NA,NA,NA,NA,NA,26.2,25.83,25.35,24.96,24.68,24.4,24.14,23.94,23.78,23.62,23.5,23.39,23.3,23.23,23.16,23.12,23.08,NA,NA,NA,NA,NA,NA,NA,NA,NA,NA,NA,NA,NA,NA,NA,NA,NA,NA,NA,NA,NA,NA,NA,NA,NA,NA,NA,NA,NA,NA,NA,NA,NA,NA,NA,NA,NA,NA,NA,NA,NA,NA,NA,NA,NA,NA,NA,NA,NA,NA,NA,NA,NA,NA,NA,NA,NA,NA,NA
NA,NA,NA,NA,NA,NA,25.43,24.88,24.58,24.16,23.88,23.6,23.35,23.16,23,22.85,22.72,22.62,22.53,22.46,22.39,22.34,22.31,NA,NA,NA,NA,NA,NA,NA,NA,NA,NA,NA,NA,NA,NA,NA,NA,NA,NA,NA,NA,NA,NA,NA,NA,NA,NA,NA,NA,NA,NA,NA,NA,NA,NA,NA,NA,NA,NA,NA,NA,NA,NA,NA,NA,NA,NA,NA,NA,NA,NA,NA,NA,NA,NA,NA,NA,NA,NA,NA
NA,NA,NA,NA,NA,NA,23.69,23.44,23.14,22.96,22.78,22.61,22.45,22.32,22.23,22.13,22.06,21.99,21.94,21.9,21.86,21.84,21.82,21.81,NA,NA,NA,NA,NA,NA,NA,NA,NA,NA,NA,NA,NA,NA,NA,NA,NA,NA,NA,NA,NA,NA,NA,NA,NA,NA,NA,NA,NA,NA,NA,NA,NA,NA,NA,NA,NA,NA,NA,NA,NA,NA,NA,NA,NA,NA,NA,NA,NA,NA,NA,NA,NA,NA,NA,NA,NA,NA
NA,NA,NA,NA,NA,NA,NA,22.7,22.55,22.32,22.18,22.03,21.9,21.8,21.71,21.63,21.57,21.52,21.47,21.44,21.42,21.4,21.39,21.38,NA,NA,NA,NA,NA,NA,NA,NA,NA,NA,NA,NA,NA,NA,NA,NA,NA,NA,NA,NA,NA,NA,NA,NA,NA,NA,NA,NA,NA,NA,NA,NA,NA,NA,NA,NA,NA,NA,NA,NA,NA,NA,NA,NA,NA,NA,NA,NA,NA,NA,NA,NA,NA,NA,NA,NA,NA,NA
NA,NA,NA,NA,NA,NA,NA,22.82,22.52,22.38,22.16,21.98,21.81,21.68,21.57,21.47,21.39,21.32,21.27,21.22,21.18,21.16,21.14,21.12,NA,NA,NA,NA,NA,NA,NA,NA,NA,NA,NA,NA,NA,NA,NA,NA,NA,NA,NA,NA,NA,NA,NA,NA,NA,NA,NA,NA,NA,NA,NA,NA,NA,NA,NA,NA,NA,NA,NA,NA,NA,NA,NA,NA,NA,NA,NA,NA,NA,NA,NA,NA,NA,NA,NA,NA,NA,NA
NA,NA,NA,NA,NA,NA,NA,24.37,23.85,23.55,23.22,22.93,22.66,22.46,22.29,22.13,22,21.88,21.79,21.71,21.64,21.58,21.54,21.51,21.48,NA,NA,NA,NA,NA,NA,NA,NA,NA,NA,NA,NA,NA,NA,NA,NA,NA,NA,NA,NA,NA,NA,NA,NA,NA,NA,NA,NA,NA,NA,NA,NA,NA,NA,NA,NA,NA,NA,NA,NA,NA,NA,NA,NA,NA,NA,NA,NA,NA,NA,NA,NA,NA,NA,NA,NA,NA
NA,NA,NA,NA,NA,NA,NA,24.38,23.92,23.61,23.27,22.99,22.72,22.52,22.36,22.2,22.07,21.96,21.86,21.79,21.72,21.66,21.62,21.59,21.56,NA,NA,NA,NA,NA,NA,NA,NA,NA,NA,NA,NA,NA,NA,NA,NA,NA,NA,NA,NA,NA,NA,NA,NA,NA,NA,NA,NA,NA,NA,NA,NA,NA,NA,NA,NA,NA,NA,NA,NA,NA,NA,NA,NA,NA,NA,NA,NA,NA,NA,NA,NA,NA,NA,NA,NA,NA
NA,NA,NA,NA,NA,NA,NA,24.5,24.05,23.67,23.24,22.95,22.65,22.43,22.24,22.06,21.91,21.78,21.67,21.58,21.5,21.44,21.39,21.35,21.32,NA,NA,NA,NA,NA,NA,NA,NA,NA,NA,NA,NA,NA,NA,NA,NA,NA,NA,NA,NA,NA,NA,NA,NA,NA,NA,NA,NA,NA,NA,NA,NA,NA,NA,NA,NA,NA,NA,NA,NA,NA,NA,NA,NA,NA,NA,NA,NA,NA,NA,NA,NA,NA,NA,NA,NA,NA
NA,NA,NA,NA,NA,NA,NA,NA,24.39,23.96,23.63,23.32,23.02,22.8,22.61,22.43,22.29,22.16,22.05,21.96,21.88,21.82,21.77,21.73,21.7,NA,NA,NA,NA,NA,NA,NA,NA,NA,NA,NA,NA,NA,NA,NA,NA,NA,NA,NA,NA,NA,NA,NA,NA,NA,NA,NA,NA,NA,NA,NA,NA,NA,NA,NA,NA,NA,NA,NA,NA,NA,NA,NA,NA,NA,NA,NA,NA,NA,NA,NA,NA,NA,NA,NA,NA,NA
NA,NA,NA,NA,NA,NA,NA,NA,22.28,22.12,21.83,21.62,21.42,21.27,21.15,21.03,20.93,20.85,20.78,20.73,20.68,20.64,20.61,20.59,20.58,NA,NA,NA,NA,NA,NA,NA,NA,NA,NA,NA,NA,NA,NA,NA,NA,NA,NA,NA,NA,NA,NA,NA,NA,NA,NA,NA,NA,NA,NA,NA,NA,NA,NA,NA,NA,NA,NA,NA,NA,NA,NA,NA,NA,NA,NA,NA,NA,NA,NA,NA,NA,NA,NA,NA,NA,NA
NA,NA,NA,NA,NA,NA,NA,NA,22.09,21.82,21.65,21.47,21.3,21.17,21.07,20.97,20.89,20.82,20.76,20.72,20.68,20.65,20.63,20.61,20.6,20.6,NA,NA,NA,NA,NA,NA,NA,NA,NA,NA,NA,NA,NA,NA,NA,NA,NA,NA,NA,NA,NA,NA,NA,NA,NA,NA,NA,NA,NA,NA,NA,NA,NA,NA,NA,NA,NA,NA,NA,NA,NA,NA,NA,NA,NA,NA,NA,NA,NA,NA,NA,NA,NA,NA,NA,NA
NA,NA,NA,NA,NA,NA,NA,NA,21.12,20.96,20.84,20.65,20.5,20.39,20.3,20.21,20.14,20.08,20.03,19.99,19.95,19.93,19.91,19.9,19.9,19.89,NA,NA,NA,NA,NA,NA,NA,NA,NA,NA,NA,NA,NA,NA,NA,NA,NA,NA,NA,NA,NA,NA,NA,NA,NA,NA,NA,NA,NA,NA,NA,NA,NA,NA,NA,NA,NA,NA,NA,NA,NA,NA,NA,NA,NA,NA,NA,NA,NA,NA,NA,NA,NA,NA,NA,NA
NA,NA,NA,NA,NA,NA,NA,NA,NA,20.51,20.3,20.14,19.99,19.87,19.78,19.68,19.61,19.54,19.49,19.45,19.41,19.39,19.37,19.35,19.35,19.34,NA,NA,NA,NA,NA,NA,NA,NA,NA,NA,NA,NA,NA,NA,NA,NA,NA,NA,NA,NA,NA,NA,NA,NA,NA,NA,NA,NA,NA,NA,NA,NA,NA,NA,NA,NA,NA,NA,NA,NA,NA,NA,NA,NA,NA,NA,NA,NA,NA,NA,NA,NA,NA,NA,NA,NA
NA,NA,NA,NA,NA,NA,NA,NA,NA,21.44,21.25,20.89,20.7,20.51,20.36,20.21,20.08,19.98,19.89,19.81,19.75,19.7,19.66,19.62,19.6,19.58,19.57,NA,NA,NA,NA,NA,NA,NA,NA,NA,NA,NA,NA,NA,NA,NA,NA,NA,NA,NA,NA,NA,NA,NA,NA,NA,NA,NA,NA,NA,NA,NA,NA,NA,NA,NA,NA,NA,NA,NA,NA,NA,NA,NA,NA,NA,NA,NA,NA,NA,NA,NA,NA,NA,NA,NA
NA,NA,NA,NA,NA,NA,NA,NA,NA,22.1,21.78,21.37,21.05,20.81,20.61,20.41,20.26,20.12,20,19.9,19.81,19.74,19.68,19.64,19.6,19.57,19.54,NA,NA,NA,NA,NA,NA,NA,NA,NA,NA,NA,NA,NA,NA,NA,NA,NA,NA,NA,NA,NA,NA,NA,NA,NA,NA,NA,NA,NA,NA,NA,NA,NA,NA,NA,NA,NA,NA,NA,NA,NA,NA,NA,NA,NA,NA,NA,NA,NA,NA,NA,NA,NA,NA,NA
NA,NA,NA,NA,NA,NA,NA,NA,NA,22.27,21.9,21.63,21.29,21.07,20.88,20.69,20.54,20.4,20.29,20.19,20.11,20.04,19.99,19.94,19.91,19.88,19.86,NA,NA,NA,NA,NA,NA,NA,NA,NA,NA,NA,NA,NA,NA,NA,NA,NA,NA,NA,NA,NA,NA,NA,NA,NA,NA,NA,NA,NA,NA,NA,NA,NA,NA,NA,NA,NA,NA,NA,NA,NA,NA,NA,NA,NA,NA,NA,NA,NA,NA,NA,NA,NA,NA,NA
NA,NA,NA,NA,NA,NA,NA,NA,NA,NA,21.63,21.3,21,20.81,20.63,20.45,20.31,20.18,20.07,19.99,19.91,19.84,19.79,19.75,19.72,19.69,19.68,19.66,NA,NA,NA,NA,NA,NA,NA,NA,NA,NA,NA,NA,NA,NA,NA,NA,NA,NA,NA,NA,NA,NA,NA,NA,NA,NA,NA,NA,NA,NA,NA,NA,NA,NA,NA,NA,NA,NA,NA,NA,NA,NA,NA,NA,NA,NA,NA,NA,NA,NA,NA,NA,NA,NA
NA,NA,NA,NA,NA,NA,NA,NA,NA,NA,21.97,21.55,21.24,20.94,20.72,20.49,20.31,20.15,20.01,19.9,19.8,19.71,19.65,19.59,19.54,19.5,19.48,19.46,NA,NA,NA,NA,NA,NA,NA,NA,NA,NA,NA,NA,NA,NA,NA,NA,NA,NA,NA,NA,NA,NA,NA,NA,NA,NA,NA,NA,NA,NA,NA,NA,NA,NA,NA,NA,NA,NA,NA,NA,NA,NA,NA,NA,NA,NA,NA,NA,NA,NA,NA,NA,NA,NA
NA,NA,NA,NA,NA,NA,NA,NA,NA,NA,22.58,22.03,21.63,21.31,21.05,20.78,20.57,20.38,20.22,20.09,19.97,19.87,19.79,19.72,19.66,19.61,19.58,19.55,NA,NA,NA,NA,NA,NA,NA,NA,NA,NA,NA,NA,NA,NA,NA,NA,NA,NA,NA,NA,NA,NA,NA,NA,NA,NA,NA,NA,NA,NA,NA,NA,NA,NA,NA,NA,NA,NA,NA,NA,NA,NA,NA,NA,NA,NA,NA,NA,NA,NA,NA,NA,NA,NA
NA,NA,NA,NA,NA,NA,NA,NA,NA,NA,21.99,21.61,21.28,20.99,20.77,20.55,20.37,20.22,20.08,19.97,19.87,19.79,19.72,19.67,19.62,19.58,19.55,19.53,NA,NA,NA,NA,NA,NA,NA,NA,NA,NA,NA,NA,NA,NA,NA,NA,NA,NA,NA,NA,NA,NA,NA,NA,NA,NA,NA,NA,NA,NA,NA,NA,NA,NA,NA,NA,NA,NA,NA,NA,NA,NA,NA,NA,NA,NA,NA,NA,NA,NA,NA,NA,NA,NA
NA,NA,NA,NA,NA,NA,NA,NA,NA,NA,NA,21.19,20.98,20.72,20.54,20.37,20.23,20.1,20,19.91,19.83,19.77,19.72,19.67,19.64,19.61,19.6,19.58,19.58,NA,NA,NA,NA,NA,NA,NA,NA,NA,NA,NA,NA,NA,NA,NA,NA,NA,NA,NA,NA,NA,NA,NA,NA,NA,NA,NA,NA,NA,NA,NA,NA,NA,NA,NA,NA,NA,NA,NA,NA,NA,NA,NA,NA,NA,NA,NA,NA,NA,NA,NA,NA,NA
NA,NA,NA,NA,NA,NA,NA,NA,NA,NA,NA,21.6,21.25,21.04,20.81,20.61,20.45,20.3,20.18,20.08,19.98,19.91,19.85,19.8,19.75,19.72,19.7,19.68,19.67,NA,NA,19.66,NA,NA,19.69,NA,NA,NA,NA,NA,NA,NA,NA,NA,NA,NA,NA,NA,NA,NA,NA,NA,NA,NA,NA,NA,NA,NA,NA,NA,NA,NA,NA,NA,NA,NA,NA,NA,NA,NA,NA,NA,NA,NA,NA,NA,NA,NA,NA,NA,NA,NA
NA,NA,NA,NA,NA,NA,NA,NA,NA,NA,NA,21.98,21.6,21.3,21,20.74,20.53,20.34,20.18,20.04,19.92,19.82,19.74,19.67,19.61,19.56,19.52,19.49,19.47,NA,NA,19.44,NA,NA,19.45,NA,NA,NA,NA,NA,19.56,NA,NA,NA,NA,NA,19.72,NA,NA,NA,NA,NA,NA,NA,NA,NA,NA,NA,NA,NA,NA,NA,NA,NA,NA,NA,NA,NA,NA,NA,NA,NA,NA,NA,NA,NA,NA,NA,NA,NA,NA,NA
NA,NA,NA,NA,NA,NA,NA,NA,NA,NA,NA,22.04,21.56,21.35,21.1,20.84,20.64,20.45,20.3,20.16,20.04,19.94,19.86,19.8,19.74,19.69,19.65,19.63,19.61,NA,NA,19.58,NA,NA,19.59,NA,NA,NA,NA,NA,19.7,NA,NA,NA,NA,NA,19.86,NA,NA,NA,NA,NA,NA,NA,NA,NA,NA,NA,NA,NA,NA,NA,NA,NA,NA,NA,NA,NA,NA,NA,NA,NA,NA,NA,NA,NA,NA,NA,NA,NA,NA,NA
NA,NA,NA,NA,NA,NA,NA,NA,NA,NA,NA,23.02,22.54,22.13,21.81,21.48,21.22,20.98,20.78,20.61,20.45,20.32,20.22,20.13,20.05,19.98,19.93,19.89,19.86,NA,NA,19.8,NA,NA,19.8,NA,NA,NA,NA,NA,19.88,NA,NA,NA,NA,NA,20.04,NA,NA,NA,NA,NA,NA,NA,NA,NA,NA,NA,NA,NA,NA,NA,NA,NA,NA,NA,NA,NA,NA,NA,NA,NA,NA,NA,NA,NA,NA,NA,NA,NA,NA,NA
NA,NA,NA,NA,NA,NA,NA,NA,NA,NA,NA,NA,23.43,22.96,22.58,22.22,21.94,21.67,21.45,21.26,21.08,20.94,20.82,20.72,20.63,20.56,20.5,20.46,20.42,20.39,NA,20.35,NA,NA,20.34,NA,NA,NA,NA,NA,20.42,NA,NA,NA,NA,NA,20.57,NA,NA,NA,NA,NA,NA,NA,NA,NA,NA,NA,NA,NA,NA,NA,NA,NA,NA,NA,NA,NA,NA,NA,NA,NA,NA,NA,NA,NA,NA,NA,NA,NA,NA,NA
NA,NA,NA,NA,NA,NA,NA,NA,NA,NA,NA,NA,22.66,22.33,21.96,21.63,21.38,21.15,20.96,20.8,20.64,20.52,20.42,20.33,20.25,20.19,20.15,20.11,20.08,20.05,NA,20.02,NA,NA,20.02,NA,NA,NA,NA,NA,20.11,NA,NA,NA,NA,NA,20.27,NA,NA,NA,NA,NA,NA,NA,NA,NA,NA,NA,NA,NA,NA,NA,NA,NA,NA,NA,NA,NA,NA,NA,NA,NA,NA,NA,NA,NA,NA,NA,NA,NA,NA,NA
NA,NA,NA,NA,NA,NA,NA,NA,NA,NA,NA,NA,22.54,22.17,21.8,21.45,21.17,20.91,20.69,20.51,20.34,20.2,20.09,19.99,19.9,19.83,19.78,19.73,19.69,19.66,NA,19.63,NA,NA,19.61,NA,NA,NA,NA,NA,19.69,NA,NA,NA,NA,NA,19.84,NA,NA,NA,NA,NA,NA,NA,NA,NA,NA,NA,NA,NA,NA,NA,NA,NA,NA,NA,NA,NA,NA,NA,NA,NA,NA,NA,NA,NA,NA,NA,NA,NA,NA,NA
NA,NA,NA,NA,NA,NA,NA,NA,NA,NA,NA,NA,21.03,20.71,20.48,20.18,19.97,19.78,19.61,19.48,19.35,19.25,19.17,19.1,19.03,18.98,18.94,18.91,18.89,18.87,NA,18.85,NA,NA,18.86,NA,NA,NA,NA,NA,18.96,NA,NA,NA,NA,NA,19.11,NA,NA,NA,NA,NA,NA,NA,NA,NA,NA,NA,NA,NA,NA,NA,NA,NA,NA,NA,NA,NA,NA,NA,NA,NA,NA,NA,NA,NA,NA,NA,NA,NA,NA,NA
NA,NA,NA,NA,NA,NA,NA,NA,NA,NA,NA,NA,22.19,21.68,21.28,20.97,20.64,20.35,20.1,19.9,19.71,19.55,19.42,19.31,19.21,19.13,19.06,19.01,18.97,18.93,NA,18.88,NA,NA,18.85,NA,NA,NA,NA,NA,18.91,NA,NA,NA,NA,NA,19.04,NA,NA,NA,NA,NA,NA,NA,NA,NA,NA,NA,NA,NA,NA,NA,NA,NA,NA,NA,NA,NA,NA,NA,NA,NA,NA,NA,NA,NA,NA,NA,NA,NA,NA,NA
NA,NA,NA,NA,NA,NA,NA,NA,NA,NA,NA,NA,NA,24.4,23.78,23.1,22.68,22.25,21.88,21.57,21.28,21.04,20.85,20.68,20.52,20.39,20.29,20.2,20.13,20.06,20.01,19.97,NA,NA,19.9,NA,NA,NA,NA,NA,19.9,NA,NA,NA,NA,NA,20.02,NA,NA,NA,NA,NA,NA,NA,NA,NA,NA,NA,NA,NA,NA,NA,NA,NA,NA,NA,NA,NA,NA,NA,NA,NA,NA,NA,NA,NA,NA,NA,NA,NA,NA,NA
NA,NA,NA,NA,NA,NA,NA,NA,NA,NA,NA,NA,NA,23.83,23.24,22.68,22.26,21.85,21.5,21.21,20.94,20.71,20.53,20.37,20.22,20.1,20,19.92,19.85,19.79,19.74,19.7,NA,NA,19.64,NA,NA,NA,NA,NA,19.65,NA,NA,NA,NA,NA,19.77,NA,NA,NA,NA,NA,NA,NA,NA,NA,NA,NA,NA,NA,NA,NA,NA,NA,NA,NA,NA,NA,NA,NA,NA,NA,NA,NA,NA,NA,NA,NA,NA,NA,NA,NA
NA,NA,NA,NA,NA,NA,NA,NA,NA,NA,NA,NA,NA,22.65,22.2,21.67,21.35,21.02,20.74,20.5,20.28,20.1,19.95,19.82,19.7,19.6,19.53,19.46,19.41,19.36,19.32,19.3,NA,NA,19.26,NA,NA,NA,NA,NA,19.3,NA,NA,NA,NA,NA,19.43,NA,NA,NA,NA,NA,NA,NA,NA,NA,NA,NA,NA,NA,NA,NA,NA,NA,NA,NA,NA,NA,NA,NA,NA,NA,NA,NA,NA,NA,NA,NA,NA,NA,NA,NA
NA,NA,NA,NA,NA,NA,NA,NA,NA,NA,NA,NA,NA,23.28,22.84,22.33,21.92,21.54,21.21,20.94,20.69,20.48,20.31,20.16,20.02,19.91,19.82,19.74,19.68,19.62,19.58,19.55,NA,NA,19.49,NA,NA,NA,NA,NA,19.51,NA,NA,NA,NA,NA,19.63,NA,NA,NA,NA,NA,NA,NA,NA,NA,NA,NA,NA,NA,NA,NA,NA,NA,NA,NA,NA,NA,NA,NA,NA,NA,NA,NA,NA,NA,NA,NA,NA,NA,NA,NA
NA,NA,NA,NA,NA,NA,NA,NA,NA,NA,NA,NA,NA,NA,22.68,22.25,21.74,21.4,21.08,20.82,20.57,20.36,20.2,20.05,19.91,19.8,19.72,19.64,19.58,19.52,19.48,19.45,NA,NA,19.39,NA,NA,19.39,NA,NA,19.41,NA,NA,NA,NA,NA,19.54,NA,NA,NA,NA,NA,NA,NA,NA,NA,NA,NA,NA,NA,NA,NA,NA,NA,NA,NA,NA,NA,NA,NA,NA,NA,NA,NA,NA,NA,NA,NA,NA,NA,NA,NA
NA,NA,NA,NA,NA,NA,NA,NA,NA,NA,NA,NA,NA,NA,25.53,24.77,24.06,23.49,22.98,22.56,22.16,21.84,21.57,21.34,21.12,20.94,20.8,20.67,20.57,20.46,20.39,20.33,NA,NA,20.2,NA,NA,20.15,NA,NA,20.15,NA,NA,NA,NA,NA,20.24,NA,NA,NA,NA,NA,NA,NA,NA,NA,NA,NA,NA,NA,NA,NA,NA,NA,NA,NA,NA,NA,NA,NA,NA,NA,NA,NA,NA,NA,NA,NA,NA,NA,NA,NA
NA,NA,NA,NA,NA,NA,NA,NA,NA,NA,NA,NA,NA,NA,25.38,24.46,23.71,23.23,22.72,22.3,21.9,21.57,21.31,21.08,20.86,20.68,20.53,20.4,20.3,20.2,20.13,20.07,NA,NA,19.94,NA,NA,19.89,NA,NA,19.89,NA,NA,NA,NA,NA,19.98,NA,NA,NA,NA,NA,NA,NA,NA,NA,NA,NA,NA,NA,NA,NA,NA,NA,NA,NA,NA,NA,NA,NA,NA,NA,NA,NA,NA,NA,NA,NA,NA,NA,NA,NA
NA,NA,NA,NA,NA,NA,NA,NA,NA,NA,NA,NA,NA,NA,26.38,25.39,24.65,23.93,23.35,22.87,22.43,22.06,21.76,21.5,21.25,21.05,20.89,20.74,20.62,20.51,20.42,20.35,NA,NA,20.2,NA,NA,20.13,NA,NA,20.12,NA,NA,NA,NA,NA,20.2,NA,NA,NA,NA,NA,NA,NA,NA,NA,NA,NA,NA,NA,NA,NA,NA,NA,NA,NA,NA,NA,NA,NA,NA,NA,NA,NA,NA,NA,NA,NA,NA,NA,NA,NA
NA,NA,NA,NA,NA,NA,NA,NA,NA,NA,NA,NA,NA,NA,NA,26.07,25.25,24.56,23.98,23.5,23.05,22.67,22.37,22.1,21.85,21.64,21.48,21.33,21.21,21.09,21.01,20.93,20.87,NA,20.78,NA,NA,20.71,NA,NA,20.7,NA,NA,NA,NA,NA,20.78,NA,NA,NA,NA,NA,NA,NA,NA,NA,NA,NA,NA,NA,NA,NA,NA,NA,NA,NA,NA,NA,NA,NA,NA,NA,NA,NA,NA,NA,NA,NA,NA,NA,NA,NA
NA,NA,NA,NA,NA,NA,NA,NA,NA,NA,NA,NA,NA,NA,NA,25.3,24.65,24.07,23.57,23.14,22.74,22.41,22.13,21.9,21.67,21.49,21.34,21.21,21.11,21,20.93,20.86,20.81,NA,20.74,NA,NA,20.68,NA,NA,20.68,NA,NA,NA,NA,NA,20.78,NA,NA,NA,NA,NA,NA,NA,NA,NA,NA,NA,NA,NA,NA,NA,NA,NA,NA,NA,NA,NA,NA,NA,NA,NA,NA,NA,NA,NA,NA,NA,NA,NA,NA,NA
NA,NA,NA,NA,NA,NA,NA,NA,NA,NA,NA,NA,NA,NA,NA,25.07,24.41,23.79,23.23,22.78,22.36,22.02,21.73,21.49,21.25,21.06,20.91,20.77,20.66,20.55,20.47,20.4,20.35,NA,20.27,NA,NA,20.21,NA,NA,20.2,NA,NA,NA,NA,NA,20.28,NA,NA,NA,NA,NA,NA,NA,NA,NA,NA,NA,NA,NA,NA,NA,NA,NA,NA,NA,NA,NA,NA,NA,NA,NA,NA,NA,NA,NA,NA,NA,NA,NA,NA,NA
NA,NA,NA,NA,NA,NA,NA,NA,NA,NA,NA,NA,NA,NA,NA,23.31,22.8,22.35,21.99,21.68,21.39,21.15,20.95,20.78,20.62,20.49,20.38,20.28,20.21,20.14,20.09,20.05,20.01,NA,19.97,NA,NA,19.95,NA,NA,19.97,NA,NA,NA,NA,NA,20.08,NA,NA,NA,NA,NA,NA,NA,NA,NA,NA,NA,NA,NA,NA,NA,NA,NA,NA,NA,NA,NA,NA,NA,NA,NA,NA,NA,NA,NA,NA,NA,NA,NA,NA,NA
NA,NA,NA,NA,NA,NA,NA,NA,NA,NA,NA,NA,NA,NA,NA,NA,23.99,23.47,22.98,22.46,22.05,21.72,21.45,21.21,20.98,20.8,20.65,20.52,20.41,20.31,20.23,20.16,20.11,NA,20.03,NA,NA,19.98,NA,NA,19.97,NA,NA,NA,NA,NA,20.06,NA,NA,NA,NA,NA,NA,NA,NA,NA,NA,NA,NA,NA,NA,NA,NA,NA,NA,NA,NA,NA,NA,NA,NA,NA,NA,NA,NA,NA,NA,NA,NA,NA,NA,NA
NA,NA,NA,NA,NA,NA,NA,NA,NA,NA,NA,NA,NA,NA,NA,NA,23.85,23.34,22.66,22.25,21.83,21.48,21.2,20.95,20.72,20.53,20.37,20.23,20.12,20.01,19.93,19.86,19.8,19.76,19.72,NA,NA,19.66,NA,NA,19.65,NA,NA,NA,NA,NA,19.73,NA,NA,NA,NA,NA,NA,NA,NA,NA,NA,NA,NA,NA,NA,NA,NA,NA,NA,NA,NA,NA,NA,NA,NA,NA,NA,NA,NA,NA,NA,NA,NA,NA,NA,NA
NA,NA,NA,NA,NA,NA,NA,NA,NA,NA,NA,NA,NA,NA,NA,NA,26.29,25.44,24.6,23.92,23.3,22.8,22.39,22.03,21.7,21.42,21.2,20.99,20.83,20.67,20.55,20.44,20.35,20.28,20.22,NA,NA,20.1,NA,NA,20.05,NA,NA,NA,NA,NA,20.09,NA,NA,NA,NA,NA,NA,NA,NA,NA,NA,NA,NA,NA,NA,NA,NA,NA,NA,NA,NA,NA,NA,NA,NA,NA,NA,NA,NA,NA,NA,NA,NA,NA,NA,NA
NA,NA,NA,NA,NA,NA,NA,NA,NA,NA,NA,NA,NA,NA,NA,NA,27.04,26.17,25.11,24.46,23.8,23.25,22.81,22.42,22.06,21.76,21.52,21.3,21.12,20.95,20.82,20.7,20.6,20.52,20.45,NA,NA,20.32,NA,NA,20.26,NA,NA,NA,NA,NA,20.29,NA,NA,NA,NA,NA,NA,NA,NA,NA,NA,NA,NA,NA,NA,NA,NA,NA,NA,NA,NA,NA,NA,NA,NA,NA,NA,NA,NA,NA,NA,NA,NA,NA,NA,NA
NA,NA,NA,NA,NA,NA,NA,NA,NA,NA,NA,NA,NA,NA,NA,NA,26.37,25.48,24.77,24.04,23.49,23,22.6,22.25,21.92,21.65,21.43,21.23,21.07,20.91,20.79,20.69,20.6,20.53,20.47,NA,NA,20.35,NA,NA,20.31,NA,NA,NA,NA,NA,20.35,NA,NA,NA,NA,NA,NA,NA,NA,NA,NA,NA,NA,NA,NA,NA,NA,NA,NA,NA,NA,NA,NA,NA,NA,NA,NA,NA,NA,NA,NA,NA,NA,NA,NA,NA
NA,NA,NA,NA,NA,NA,NA,NA,NA,NA,NA,NA,NA,NA,NA,NA,NA,25.97,24.99,24.35,23.69,23.15,22.7,22.32,21.95,21.65,21.41,21.19,21.01,20.84,20.7,20.59,20.48,20.41,20.34,NA,NA,20.2,NA,NA,20.15,NA,NA,NA,NA,NA,20.17,NA,NA,NA,NA,NA,NA,NA,NA,NA,NA,NA,NA,NA,NA,NA,NA,NA,NA,NA,NA,NA,NA,NA,NA,NA,NA,NA,NA,NA,NA,NA,NA,NA,NA,NA
NA,NA,NA,NA,NA,NA,NA,NA,NA,NA,NA,NA,NA,NA,NA,NA,NA,25.33,24.53,24.02,23.4,22.93,22.54,22.2,21.89,21.63,21.41,21.22,21.07,20.91,20.8,20.7,20.61,20.55,20.49,NA,NA,20.38,NA,NA,20.34,NA,NA,NA,NA,NA,20.39,NA,NA,NA,NA,NA,NA,NA,NA,NA,NA,NA,NA,NA,NA,NA,NA,NA,NA,NA,NA,NA,NA,NA,NA,NA,NA,NA,NA,NA,NA,NA,NA,NA,NA,NA
NA,NA,NA,NA,NA,NA,NA,NA,NA,NA,NA,NA,NA,NA,NA,NA,NA,23.9,23.37,22.82,22.37,22,21.69,21.43,21.17,20.97,20.8,20.65,20.53,20.41,20.32,20.24,20.17,20.13,20.08,NA,NA,20.01,NA,NA,19.99,NA,NA,NA,NA,NA,20.06,NA,NA,NA,NA,NA,NA,NA,NA,NA,NA,NA,NA,NA,NA,NA,NA,NA,NA,NA,NA,NA,NA,NA,NA,NA,NA,NA,NA,NA,NA,NA,NA,NA,NA,NA
NA,NA,NA,NA,NA,NA,NA,NA,NA,NA,NA,NA,NA,NA,NA,NA,NA,24.3,23.63,23.15,22.72,22.32,21.99,21.7,21.43,21.21,21.03,20.87,20.74,20.61,20.51,20.43,20.35,20.3,20.25,NA,NA,20.17,NA,NA,20.14,NA,NA,NA,NA,NA,20.21,NA,NA,NA,NA,NA,NA,NA,NA,NA,NA,NA,NA,NA,NA,NA,NA,NA,NA,NA,NA,NA,NA,NA,NA,NA,NA,NA,NA,NA,NA,NA,NA,NA,NA,NA
NA,NA,NA,NA,NA,NA,NA,NA,NA,NA,NA,NA,NA,NA,NA,NA,NA,NA,24.13,23.55,23.13,22.84,22.54,22.28,22.03,21.83,21.67,21.52,21.4,21.28,21.19,21.12,21.05,21.01,20.97,20.94,NA,20.9,NA,NA,20.88,NA,NA,NA,NA,NA,20.96,NA,NA,NA,NA,NA,21.12,NA,NA,NA,NA,NA,NA,NA,NA,NA,NA,NA,NA,NA,NA,NA,NA,NA,NA,NA,NA,NA,NA,NA,NA,NA,NA,NA,NA,NA
NA,NA,NA,NA,NA,NA,NA,NA,NA,NA,NA,NA,NA,NA,NA,NA,NA,NA,24.54,24.13,23.82,23.38,23.08,22.82,22.57,22.37,22.2,22.05,21.93,21.81,21.72,21.65,21.58,21.54,21.49,21.47,NA,21.43,NA,NA,21.41,NA,NA,NA,NA,NA,21.5,NA,NA,NA,NA,NA,21.66,NA,NA,NA,NA,NA,NA,NA,NA,NA,NA,NA,NA,NA,NA,NA,NA,NA,NA,NA,NA,NA,NA,NA,NA,NA,NA,NA,NA,NA
NA,NA,NA,NA,NA,NA,NA,NA,NA,NA,NA,NA,NA,NA,NA,NA,NA,NA,24.46,23.99,23.48,23.12,22.81,22.54,22.28,22.07,21.89,21.74,21.62,21.49,21.4,21.32,21.25,21.2,21.16,21.13,NA,21.08,NA,NA,21.07,NA,NA,NA,NA,NA,21.14,NA,NA,NA,NA,NA,21.3,NA,NA,NA,NA,NA,NA,NA,NA,NA,NA,NA,NA,NA,NA,NA,NA,NA,NA,NA,NA,NA,NA,NA,NA,NA,NA,NA,NA,NA
NA,NA,NA,NA,NA,NA,NA,NA,NA,NA,NA,NA,NA,NA,NA,NA,NA,NA,23.86,23.5,23.1,22.75,22.48,22.25,22.02,21.84,21.69,21.55,21.45,21.34,21.27,21.2,21.14,21.1,21.06,21.04,NA,21.01,NA,NA,21,NA,NA,NA,NA,NA,21.09,NA,NA,NA,NA,NA,21.26,NA,NA,NA,NA,NA,NA,NA,NA,NA,NA,NA,NA,NA,NA,NA,NA,NA,NA,NA,NA,NA,NA,NA,NA,NA,NA,NA,NA,NA
NA,NA,NA,NA,NA,NA,NA,NA,NA,NA,NA,NA,NA,NA,NA,NA,NA,NA,NA,22.65,22.3,22.1,21.82,21.62,21.42,21.26,21.13,21.02,20.93,20.84,20.77,20.71,20.67,20.63,20.6,20.59,NA,20.56,NA,NA,20.57,NA,NA,NA,NA,NA,20.67,NA,NA,NA,NA,NA,20.84,NA,NA,NA,NA,NA,NA,NA,NA,NA,NA,NA,NA,NA,NA,NA,NA,NA,NA,NA,NA,NA,NA,NA,NA,NA,NA,NA,NA,NA
NA,NA,NA,NA,NA,NA,NA,NA,NA,NA,NA,NA,NA,NA,NA,NA,NA,NA,NA,21.93,21.58,21.35,21.09,20.89,20.7,20.54,20.41,20.3,20.21,20.12,20.05,19.99,19.94,19.91,19.88,19.86,19.85,19.84,NA,NA,19.84,NA,NA,NA,NA,NA,19.94,NA,NA,NA,NA,NA,20.1,NA,NA,NA,NA,NA,NA,NA,NA,NA,NA,NA,NA,NA,NA,NA,NA,NA,NA,NA,NA,NA,NA,NA,NA,NA,NA,NA,NA,NA
NA,NA,NA,NA,NA,NA,NA,NA,NA,NA,NA,NA,NA,NA,NA,NA,NA,NA,NA,22.61,22.16,21.79,21.43,21.14,20.87,20.65,20.47,20.3,20.17,20.04,19.94,19.85,19.77,19.72,19.67,19.63,19.6,19.58,NA,NA,19.55,NA,NA,NA,NA,NA,19.6,NA,NA,NA,NA,NA,19.74,NA,NA,NA,NA,NA,NA,NA,NA,NA,NA,NA,NA,NA,NA,NA,NA,NA,NA,NA,NA,NA,NA,NA,NA,NA,NA,NA,NA,NA
NA,NA,NA,NA,NA,NA,NA,NA,NA,NA,NA,NA,NA,NA,NA,NA,NA,NA,NA,20.99,20.59,20.35,20.17,19.98,19.8,19.65,19.53,19.42,19.34,19.25,19.19,19.14,19.09,19.06,19.03,19.01,19,18.99,NA,NA,19,NA,NA,NA,NA,NA,19.09,NA,NA,NA,NA,NA,19.24,NA,NA,NA,NA,NA,NA,NA,NA,NA,NA,NA,NA,NA,NA,NA,NA,NA,NA,NA,NA,NA,NA,NA,NA,NA,NA,NA,NA,NA
NA,NA,NA,NA,NA,NA,NA,NA,NA,NA,NA,NA,NA,NA,NA,NA,NA,NA,NA,21.44,21.01,20.72,20.47,20.24,20.02,19.84,19.69,19.55,19.45,19.34,19.26,19.19,19.13,19.09,19.05,19.03,19,18.99,NA,NA,18.98,NA,NA,NA,NA,NA,19.05,NA,NA,NA,NA,NA,19.19,NA,NA,NA,NA,NA,NA,NA,NA,NA,NA,NA,NA,NA,NA,NA,NA,NA,NA,NA,NA,NA,NA,NA,NA,NA,NA,NA,NA,NA
NA,NA,NA,NA,NA,NA,NA,NA,NA,NA,NA,NA,NA,NA,NA,NA,NA,NA,NA,NA,21.46,21.07,20.82,20.54,20.29,20.09,19.92,19.77,19.65,19.53,19.44,19.36,19.3,19.25,19.2,19.17,19.14,19.12,NA,NA,19.1,NA,NA,19.12,NA,NA,19.16,NA,NA,NA,NA,NA,19.3,NA,NA,NA,NA,NA,NA,NA,NA,NA,NA,NA,NA,NA,NA,NA,NA,NA,NA,NA,NA,NA,NA,NA,NA,NA,NA,NA,NA,NA
NA,NA,NA,NA,NA,NA,NA,NA,NA,NA,NA,NA,NA,NA,NA,NA,NA,NA,NA,NA,21.98,21.47,21.12,20.75,20.42,20.15,19.93,19.73,19.57,19.41,19.29,19.18,19.09,19.02,18.95,18.9,18.86,18.82,NA,NA,18.77,NA,NA,18.76,NA,NA,18.79,NA,NA,NA,NA,NA,18.91,NA,NA,NA,NA,NA,NA,NA,NA,NA,NA,NA,NA,NA,NA,NA,NA,NA,NA,NA,NA,NA,NA,NA,NA,NA,NA,NA,NA,NA
NA,NA,NA,NA,NA,NA,NA,NA,NA,NA,NA,NA,NA,NA,NA,NA,NA,NA,NA,NA,21.54,21.03,20.69,20.37,20.06,19.8,19.59,19.4,19.25,19.1,18.98,18.88,18.79,18.73,18.67,18.62,18.58,18.55,NA,NA,18.5,NA,NA,18.5,NA,NA,18.53,NA,NA,NA,NA,NA,18.65,NA,NA,NA,NA,NA,NA,NA,NA,NA,NA,NA,NA,NA,NA,NA,NA,NA,NA,NA,NA,NA,NA,NA,NA,NA,NA,NA,NA,NA
NA,NA,NA,NA,NA,NA,NA,NA,NA,NA,NA,NA,NA,NA,NA,NA,NA,NA,NA,NA,22.23,21.73,21.37,21.03,20.69,20.41,20.18,19.97,19.81,19.64,19.51,19.4,19.3,19.23,19.16,19.11,19.06,19.02,NA,NA,18.97,NA,NA,18.96,NA,NA,18.98,NA,NA,NA,NA,NA,19.1,NA,NA,NA,NA,NA,NA,NA,NA,NA,NA,NA,NA,NA,NA,NA,NA,NA,NA,NA,NA,NA,NA,NA,NA,NA,NA,NA,NA,NA
NA,NA,NA,NA,NA,NA,NA,NA,NA,NA,NA,NA,NA,NA,NA,NA,NA,NA,NA,NA,NA,22.12,21.74,21.29,20.93,20.63,20.38,20.16,19.98,19.8,19.66,19.54,19.44,19.36,19.28,19.23,19.17,19.13,NA,NA,19.07,NA,NA,19.05,NA,NA,19.07,NA,NA,NA,NA,NA,19.18,NA,NA,NA,NA,NA,NA,NA,NA,NA,NA,NA,NA,NA,NA,NA,NA,NA,NA,NA,NA,NA,NA,NA,NA,NA,NA,NA,NA,NA
NA,NA,NA,NA,NA,NA,NA,NA,NA,NA,NA,NA,NA,NA,NA,NA,NA,NA,NA,NA,NA,22.23,21.88,21.6,21.23,20.97,20.75,20.55,20.39,20.23,20.11,20.01,19.91,19.85,19.78,19.74,19.69,19.66,NA,NA,19.61,NA,NA,19.61,NA,NA,19.64,NA,NA,NA,NA,NA,19.77,NA,NA,NA,NA,NA,NA,NA,NA,NA,NA,NA,NA,NA,NA,NA,NA,NA,NA,NA,NA,NA,NA,NA,NA,NA,NA,NA,NA,NA
NA,NA,NA,NA,NA,NA,NA,NA,NA,NA,NA,NA,NA,NA,NA,NA,NA,NA,NA,NA,NA,23.58,23.08,22.63,22.18,21.82,21.53,21.26,21.05,20.83,20.67,20.53,20.4,20.3,20.21,20.14,20.08,20.03,NA,NA,19.94,NA,NA,19.91,NA,NA,19.92,NA,NA,NA,NA,NA,20.03,NA,NA,NA,NA,NA,NA,NA,NA,NA,NA,NA,NA,NA,NA,NA,NA,NA,NA,NA,NA,NA,NA,NA,NA,NA,NA,NA,NA,NA
NA,NA,NA,NA,NA,NA,NA,NA,NA,NA,NA,NA,NA,NA,NA,NA,NA,NA,NA,NA,NA,25.84,25.15,24.64,24.05,23.59,23.22,22.88,22.61,22.33,22.13,21.94,21.77,21.65,21.53,21.44,21.35,21.29,21.24,NA,21.16,NA,NA,21.11,NA,NA,21.1,NA,NA,NA,NA,NA,21.2,NA,NA,NA,NA,NA,NA,NA,NA,NA,NA,NA,NA,NA,NA,NA,NA,NA,NA,NA,NA,NA,NA,NA,NA,NA,NA,NA,NA,NA
NA,NA,NA,NA,NA,NA,NA,NA,NA,NA,NA,NA,NA,NA,NA,NA,NA,NA,NA,NA,NA,26.27,25.5,24.81,24.12,23.63,23.2,22.81,22.5,22.19,21.95,21.74,21.55,21.4,21.26,21.16,21.06,20.98,20.92,NA,20.83,NA,NA,20.75,NA,NA,20.73,NA,NA,NA,NA,NA,20.81,NA,NA,NA,NA,NA,NA,NA,NA,NA,NA,NA,NA,NA,NA,NA,NA,NA,NA,NA,NA,NA,NA,NA,NA,NA,NA,NA,NA,NA
NA,NA,NA,NA,NA,NA,NA,NA,NA,NA,NA,NA,NA,NA,NA,NA,NA,NA,NA,NA,NA,NA,27.48,26.63,25.8,25.13,24.57,24.06,23.66,23.25,22.94,22.66,22.41,22.23,22.04,21.91,21.77,21.66,21.58,21.51,21.45,NA,NA,21.33,NA,NA,21.28,NA,NA,NA,NA,NA,21.33,NA,NA,NA,NA,NA,NA,NA,NA,NA,NA,NA,NA,NA,NA,NA,NA,NA,NA,NA,NA,NA,NA,NA,NA,NA,NA,NA,NA,NA
NA,NA,NA,NA,NA,NA,NA,NA,NA,NA,NA,NA,NA,NA,NA,NA,NA,NA,NA,NA,NA,NA,28.39,27.38,26.51,25.79,25.18,24.62,24.18,23.73,23.39,23.09,22.81,22.61,22.41,22.26,22.1,21.99,21.9,21.82,21.75,NA,NA,21.61,NA,NA,21.55,NA,NA,NA,NA,NA,21.59,NA,NA,NA,NA,NA,NA,NA,NA,NA,NA,NA,NA,NA,NA,NA,NA,NA,NA,NA,NA,NA,NA,NA,NA,NA,NA,NA,NA,NA
NA,NA,NA,NA,NA,NA,NA,NA,NA,NA,NA,NA,NA,NA,NA,NA,NA,NA,NA,NA,NA,NA,27,26.15,25.46,24.81,24.3,23.84,23.48,23.11,22.83,22.57,22.35,22.18,22.01,21.89,21.76,21.67,21.6,21.53,21.48,NA,NA,21.38,NA,NA,21.34,NA,NA,NA,NA,NA,21.4,NA,NA,NA,NA,NA,NA,NA,NA,NA,NA,NA,NA,NA,NA,NA,NA,NA,NA,NA,NA,NA,NA,NA,NA,NA,NA,NA,NA,NA
NA,NA,NA,NA,NA,NA,NA,NA,NA,NA,NA,NA,NA,NA,NA,NA,NA,NA,NA,NA,NA,NA,26.11,25.33,24.55,24.11,23.65,23.24,22.91,22.57,22.31,22.08,21.88,21.72,21.57,21.46,21.35,21.26,21.2,21.14,21.09,NA,NA,21,NA,NA,20.98,NA,NA,NA,NA,NA,21.05,NA,NA,NA,NA,NA,NA,NA,NA,NA,NA,NA,NA,NA,NA,NA,NA,NA,NA,NA,NA,NA,NA,NA,NA,NA,NA,NA,NA,NA
NA,NA,NA,NA,NA,NA,NA,NA,NA,NA,NA,NA,NA,NA,NA,NA,NA,NA,NA,NA,NA,NA,NA,23.87,23.25,22.82,22.52,22.19,21.93,21.67,21.47,21.29,21.12,21,20.89,20.8,20.71,20.65,20.6,20.56,20.53,NA,NA,20.47,NA,NA,20.47,NA,NA,NA,NA,NA,20.56,NA,NA,NA,NA,NA,20.72,NA,NA,NA,NA,NA,NA,NA,NA,NA,NA,NA,NA,NA,NA,NA,NA,NA,NA,NA,NA,NA,NA,NA
NA,NA,NA,NA,NA,NA,NA,NA,NA,NA,NA,NA,NA,NA,NA,NA,NA,NA,NA,NA,NA,NA,NA,23.19,22.68,22.32,22,21.7,21.46,21.22,21.04,20.88,20.73,20.62,20.51,20.44,20.36,20.3,20.26,20.22,20.19,NA,NA,20.15,NA,NA,20.15,NA,NA,NA,NA,NA,20.25,NA,NA,NA,NA,NA,20.41,NA,NA,NA,NA,NA,NA,NA,NA,NA,NA,NA,NA,NA,NA,NA,NA,NA,NA,NA,NA,NA,NA,NA
NA,NA,NA,NA,NA,NA,NA,NA,NA,NA,NA,NA,NA,NA,NA,NA,NA,NA,NA,NA,NA,NA,NA,22.78,22.37,22,21.76,21.51,21.31,21.1,20.95,20.81,20.68,20.59,20.5,20.44,20.37,20.32,20.29,20.26,20.24,NA,NA,20.21,NA,NA,20.23,NA,NA,NA,NA,NA,20.34,NA,NA,NA,NA,NA,20.51,NA,NA,NA,NA,NA,NA,NA,NA,NA,NA,NA,NA,NA,NA,NA,NA,NA,NA,NA,NA,NA,NA,NA
NA,NA,NA,NA,NA,NA,NA,NA,NA,NA,NA,NA,NA,NA,NA,NA,NA,NA,NA,NA,NA,NA,NA,23.34,23,22.68,22.29,22.03,21.83,21.62,21.46,21.32,21.19,21.1,21.01,20.94,20.88,20.83,20.79,20.77,20.74,NA,NA,20.72,NA,NA,20.73,NA,NA,NA,NA,NA,20.85,NA,NA,NA,NA,NA,21.02,NA,NA,NA,NA,NA,NA,NA,NA,NA,NA,NA,NA,NA,NA,NA,NA,NA,NA,NA,NA,NA,NA,NA
NA,NA,NA,NA,NA,NA,NA,NA,NA,NA,NA,NA,NA,NA,NA,NA,NA,NA,NA,NA,NA,NA,NA,NA,22.14,22.01,21.69,21.56,21.41,21.25,21.14,21.03,20.94,20.88,20.81,20.77,20.72,20.69,20.67,20.66,20.64,20.64,NA,20.64,NA,NA,20.68,NA,NA,NA,NA,NA,20.81,NA,NA,NA,NA,NA,21,NA,NA,NA,NA,NA,NA,NA,NA,NA,NA,NA,NA,NA,NA,NA,NA,NA,NA,NA,NA,NA,NA,NA
NA,NA,NA,NA,NA,NA,NA,NA,NA,NA,NA,NA,NA,NA,NA,NA,NA,NA,NA,NA,NA,NA,NA,NA,22.29,22.03,21.75,21.59,21.43,21.26,21.13,21.02,20.92,20.84,20.77,20.72,20.67,20.64,20.61,20.59,20.58,20.57,NA,20.57,NA,NA,20.6,NA,NA,NA,NA,NA,20.73,NA,NA,NA,NA,NA,20.91,NA,NA,NA,NA,NA,NA,NA,NA,NA,NA,NA,NA,NA,NA,NA,NA,NA,NA,NA,NA,NA,NA,NA
NA,NA,NA,NA,NA,NA,NA,NA,NA,NA,NA,NA,NA,NA,NA,NA,NA,NA,NA,NA,NA,NA,NA,NA,21.92,21.71,21.57,21.42,21.3,21.18,21.08,21,20.92,20.87,20.82,20.78,20.75,20.73,20.71,20.71,20.7,20.7,NA,20.71,NA,NA,20.76,NA,NA,NA,NA,NA,20.9,NA,NA,NA,NA,NA,21.09,NA,NA,NA,NA,NA,NA,NA,NA,NA,NA,NA,NA,NA,NA,NA,NA,NA,NA,NA,NA,NA,NA,NA
NA,NA,NA,NA,NA,NA,NA,NA,NA,NA,NA,NA,NA,NA,NA,NA,NA,NA,NA,NA,NA,NA,NA,NA,23.82,23.4,23.12,22.78,22.54,22.29,22.1,21.92,21.77,21.65,21.54,21.46,21.38,21.32,21.27,21.23,21.2,21.18,NA,21.15,NA,NA,21.15,NA,NA,NA,NA,NA,21.25,NA,NA,NA,NA,NA,21.42,NA,NA,NA,NA,NA,NA,NA,NA,NA,NA,NA,NA,NA,NA,NA,NA,NA,NA,NA,NA,NA,NA,NA
NA,NA,NA,NA,NA,NA,NA,NA,NA,NA,NA,NA,NA,NA,NA,NA,NA,NA,NA,NA,NA,NA,NA,NA,25.1,24.64,24.15,23.81,23.51,23.2,22.97,22.75,22.56,22.42,22.28,22.18,22.08,22,21.94,21.89,21.84,21.81,NA,21.77,NA,NA,21.75,NA,NA,NA,NA,NA,21.84,NA,NA,NA,NA,NA,22,NA,NA,NA,NA,NA,NA,NA,NA,NA,NA,NA,NA,NA,NA,NA,NA,NA,NA,NA,NA,NA,NA,NA
NA,NA,NA,NA,NA,NA,NA,NA,NA,NA,NA,NA,NA,NA,NA,NA,NA,NA,NA,NA,NA,NA,NA,NA,NA,25.55,25.04,24.59,24.23,23.84,23.54,23.28,23.04,22.86,22.68,22.55,22.42,22.31,22.24,22.17,22.11,22.06,22.02,21.99,NA,NA,21.95,NA,NA,NA,NA,NA,22.01,NA,NA,NA,NA,NA,22.16,NA,NA,NA,NA,NA,NA,NA,NA,NA,NA,NA,NA,NA,NA,NA,NA,NA,NA,NA,NA,NA,NA,NA
NA,NA,NA,NA,NA,NA,NA,NA,NA,NA,NA,NA,NA,NA,NA,NA,NA,NA,NA,NA,NA,NA,NA,NA,NA,26,25.5,24.86,24.51,24.08,23.76,23.46,23.2,23,22.81,22.66,22.51,22.4,22.31,22.23,22.16,22.11,22.07,22.03,NA,NA,21.98,NA,NA,NA,NA,NA,22.02,NA,NA,NA,NA,NA,22.16,NA,NA,NA,NA,NA,NA,NA,NA,NA,NA,NA,NA,NA,NA,NA,NA,NA,NA,NA,NA,NA,NA,NA
NA,NA,NA,NA,NA,NA,NA,NA,NA,NA,NA,NA,NA,NA,NA,NA,NA,NA,NA,NA,NA,NA,NA,NA,NA,28.18,27.32,26.63,26.02,25.42,24.97,24.56,24.19,23.92,23.65,23.44,23.23,23.07,22.94,22.83,22.73,22.64,22.58,22.52,NA,NA,22.42,NA,NA,NA,NA,NA,22.4,NA,NA,NA,NA,NA,22.52,NA,NA,NA,NA,NA,NA,NA,NA,NA,NA,NA,NA,NA,NA,NA,NA,NA,NA,NA,NA,NA,NA,NA
NA,NA,NA,NA,NA,NA,NA,NA,NA,NA,NA,NA,NA,NA,NA,NA,NA,NA,NA,NA,NA,NA,NA,NA,NA,27.52,26.79,26.07,25.58,25.01,24.6,24.23,23.9,23.66,23.41,23.23,23.04,22.9,22.78,22.68,22.59,22.51,22.46,22.41,NA,NA,22.33,NA,NA,NA,NA,NA,22.33,NA,NA,NA,NA,NA,22.46,NA,NA,NA,NA,NA,NA,NA,NA,NA,NA,NA,NA,NA,NA,NA,NA,NA,NA,NA,NA,NA,NA,NA
NA,NA,NA,NA,NA,NA,NA,NA,NA,NA,NA,NA,NA,NA,NA,NA,NA,NA,NA,NA,NA,NA,NA,NA,NA,NA,25.51,24.9,24.49,23.97,23.6,23.26,22.96,22.73,22.51,22.34,22.16,22.03,21.92,21.83,21.75,21.68,21.63,21.59,NA,NA,21.51,NA,NA,21.5,NA,NA,21.52,NA,NA,NA,NA,NA,21.65,NA,NA,NA,NA,NA,NA,NA,NA,NA,NA,NA,NA,NA,NA,NA,NA,NA,NA,NA,NA,NA,NA,NA
NA,NA,NA,NA,NA,NA,NA,NA,NA,NA,NA,NA,NA,NA,NA,NA,NA,NA,NA,NA,NA,NA,NA,NA,NA,NA,26.96,26.04,25.48,24.83,24.34,23.89,23.49,23.19,22.9,22.67,22.44,22.27,22.13,22,21.89,21.79,21.73,21.66,NA,NA,21.54,NA,NA,21.49,NA,NA,21.49,NA,NA,NA,NA,NA,21.6,NA,NA,NA,NA,NA,NA,NA,NA,NA,NA,NA,NA,NA,NA,NA,NA,NA,NA,NA,NA,NA,NA,NA
NA,NA,NA,NA,NA,NA,NA,NA,NA,NA,NA,NA,NA,NA,NA,NA,NA,NA,NA,NA,NA,NA,NA,NA,NA,NA,25.76,25.05,24.43,23.89,23.45,23.06,22.7,22.43,22.16,21.96,21.76,21.6,21.47,21.36,21.26,21.17,21.11,21.06,NA,NA,20.95,NA,NA,20.91,NA,NA,20.93,NA,NA,NA,NA,NA,21.03,NA,NA,NA,NA,NA,NA,NA,NA,NA,NA,NA,NA,NA,NA,NA,NA,NA,NA,NA,NA,NA,NA,NA
NA,NA,NA,NA,NA,NA,NA,NA,NA,NA,NA,NA,NA,NA,NA,NA,NA,NA,NA,NA,NA,NA,NA,NA,NA,NA,25.88,25.21,24.67,24.1,23.67,23.28,22.94,22.68,22.42,22.22,22.02,21.87,21.75,21.64,21.54,21.46,21.4,21.34,NA,NA,21.25,NA,NA,21.21,NA,NA,21.23,NA,NA,NA,NA,NA,21.34,NA,NA,NA,NA,NA,NA,NA,NA,NA,NA,NA,NA,NA,NA,NA,NA,NA,NA,NA,NA,NA,NA,NA
NA,NA,NA,NA,NA,NA,NA,NA,NA,NA,NA,NA,NA,NA,NA,NA,NA,NA,NA,NA,NA,NA,NA,NA,NA,NA,NA,24.75,24.34,23.73,23.34,22.98,22.65,22.41,22.17,21.99,21.8,21.66,21.54,21.44,21.35,21.27,21.22,21.17,21.13,NA,21.08,NA,NA,21.06,NA,NA,21.07,NA,NA,NA,NA,NA,21.19,NA,NA,NA,NA,NA,NA,NA,NA,NA,NA,NA,NA,NA,NA,NA,NA,NA,NA,NA,NA,NA,NA,NA
NA,NA,NA,NA,NA,NA,NA,NA,NA,NA,NA,NA,NA,NA,NA,NA,NA,NA,NA,NA,NA,NA,NA,NA,NA,NA,NA,24.07,23.54,23.08,22.69,22.35,22.05,21.82,21.59,21.42,21.24,21.1,21,20.9,20.82,20.74,20.7,20.65,20.61,NA,20.57,NA,NA,20.54,NA,NA,20.56,NA,NA,NA,NA,NA,20.68,NA,NA,NA,NA,NA,NA,NA,NA,NA,NA,NA,NA,NA,NA,NA,NA,NA,NA,NA,NA,NA,NA,NA
NA,NA,NA,NA,NA,NA,NA,NA,NA,NA,NA,NA,NA,NA,NA,NA,NA,NA,NA,NA,NA,NA,NA,NA,NA,NA,NA,23.82,23.31,22.89,22.52,22.2,21.91,21.69,21.48,21.31,21.15,21.02,20.92,20.83,20.75,20.68,20.63,20.59,20.56,NA,20.51,NA,NA,20.5,NA,NA,20.52,NA,NA,NA,NA,NA,20.64,NA,NA,NA,NA,NA,NA,NA,NA,NA,NA,NA,NA,NA,NA,NA,NA,NA,NA,NA,NA,NA,NA,NA
NA,NA,NA,NA,NA,NA,NA,NA,NA,NA,NA,NA,NA,NA,NA,NA,NA,NA,NA,NA,NA,NA,NA,NA,NA,NA,NA,25.11,24.61,24.08,23.71,23.35,23.02,22.77,22.53,22.34,22.16,22.01,21.9,21.79,21.7,21.62,21.57,21.52,21.48,NA,21.43,NA,NA,21.4,NA,NA,21.42,NA,NA,NA,NA,NA,21.54,NA,NA,NA,NA,NA,NA,NA,NA,NA,NA,NA,NA,NA,NA,NA,NA,NA,NA,NA,NA,NA,NA,NA
NA,NA,NA,NA,NA,NA,NA,NA,NA,NA,NA,NA,NA,NA,NA,NA,NA,NA,NA,NA,NA,NA,NA,NA,NA,NA,NA,24.8,24.36,23.84,23.44,23.1,22.79,22.55,22.31,22.13,21.95,21.81,21.7,21.6,21.51,21.43,21.38,21.33,21.29,NA,21.24,NA,NA,21.22,NA,NA,21.24,NA,NA,NA,NA,NA,21.36,NA,NA,NA,NA,NA,NA,NA,NA,NA,NA,NA,NA,NA,NA,NA,NA,NA,NA,NA,NA,NA,NA,NA
NA,NA,NA,NA,NA,NA,NA,NA,NA,NA,NA,NA,NA,NA,NA,NA,NA,NA,NA,NA,NA,NA,NA,NA,NA,NA,NA,NA,24.51,24.06,23.72,23.46,23.18,22.97,22.76,22.6,22.44,22.32,22.22,22.14,22.06,22,21.95,21.91,21.88,21.86,21.85,NA,NA,21.84,NA,NA,21.87,NA,NA,NA,NA,NA,22,NA,NA,NA,NA,NA,NA,NA,NA,NA,NA,NA,NA,NA,NA,NA,NA,NA,NA,NA,NA,NA,NA,NA
NA,NA,NA,NA,NA,NA,NA,NA,NA,NA,NA,NA,NA,NA,NA,NA,NA,NA,NA,NA,NA,NA,NA,NA,NA,NA,NA,NA,26.4,25.78,25.28,24.85,24.46,24.16,23.87,23.64,23.42,23.24,23.1,22.97,22.86,22.76,22.7,22.63,22.58,22.54,22.51,NA,NA,22.46,NA,NA,22.47,NA,NA,NA,NA,NA,22.58,NA,NA,NA,NA,NA,NA,NA,NA,NA,NA,NA,NA,NA,NA,NA,NA,NA,NA,NA,NA,NA,NA,NA
NA,NA,NA,NA,NA,NA,NA,NA,NA,NA,NA,NA,NA,NA,NA,NA,NA,NA,NA,NA,NA,NA,NA,NA,NA,NA,NA,NA,25.65,25.14,24.61,24.18,23.8,23.51,23.23,23.01,22.79,22.62,22.49,22.37,22.26,22.16,22.1,22.03,21.98,21.94,21.92,NA,NA,21.87,NA,NA,21.88,NA,NA,NA,NA,NA,21.99,NA,NA,NA,NA,NA,NA,NA,NA,NA,NA,NA,NA,NA,NA,NA,NA,NA,NA,NA,NA,NA,NA,NA
NA,NA,NA,NA,NA,NA,NA,NA,NA,NA,NA,NA,NA,NA,NA,NA,NA,NA,NA,NA,NA,NA,NA,NA,NA,NA,NA,NA,25.31,24.65,24.22,23.82,23.45,23.17,22.9,22.69,22.47,22.31,22.18,22.06,21.95,21.86,21.8,21.73,21.69,21.65,21.62,NA,NA,21.58,NA,NA,21.59,NA,NA,NA,NA,NA,21.69,NA,NA,NA,NA,NA,NA,NA,NA,NA,NA,NA,NA,NA,NA,NA,NA,NA,NA,NA,NA,NA,NA,NA
NA,NA,NA,NA,NA,NA,NA,NA,NA,NA,NA,NA,NA,NA,NA,NA,NA,NA,NA,NA,NA,NA,NA,NA,NA,NA,NA,NA,NA,24.26,23.75,23.3,22.99,22.71,22.44,22.23,22.02,21.85,21.72,21.6,21.5,21.41,21.34,21.28,21.23,21.2,21.17,NA,NA,21.12,NA,NA,21.13,NA,NA,NA,NA,NA,21.23,NA,NA,NA,NA,NA,21.41,NA,NA,NA,NA,NA,NA,NA,NA,NA,NA,NA,NA,NA,NA,NA,NA,NA
NA,NA,NA,NA,NA,NA,NA,NA,NA,NA,NA,NA,NA,NA,NA,NA,NA,NA,NA,NA,NA,NA,NA,NA,NA,NA,NA,NA,NA,24.9,24.42,23.9,23.42,23.1,22.77,22.52,22.27,22.07,21.91,21.77,21.65,21.53,21.45,21.37,21.31,21.26,21.23,NA,NA,21.16,NA,NA,21.15,NA,NA,NA,NA,NA,21.24,NA,NA,NA,NA,NA,21.4,NA,NA,NA,NA,NA,NA,NA,NA,NA,NA,NA,NA,NA,NA,NA,NA,NA
NA,NA,NA,NA,NA,NA,NA,NA,NA,NA,NA,NA,NA,NA,NA,NA,NA,NA,NA,NA,NA,NA,NA,NA,NA,NA,NA,NA,NA,24.83,24.42,23.81,23.43,23.1,22.78,22.53,22.28,22.08,21.92,21.78,21.66,21.54,21.47,21.39,21.33,21.28,21.24,NA,NA,21.18,NA,NA,21.17,NA,NA,NA,NA,NA,21.25,NA,NA,NA,NA,NA,21.42,NA,NA,NA,NA,NA,NA,NA,NA,NA,NA,NA,NA,NA,NA,NA,NA,NA
NA,NA,NA,NA,NA,NA,NA,NA,NA,NA,NA,NA,NA,NA,NA,NA,NA,NA,NA,NA,NA,NA,NA,NA,NA,NA,NA,NA,NA,25.17,24.59,24.22,23.76,23.44,23.12,22.87,22.62,22.42,22.26,22.12,22,21.88,21.8,21.73,21.67,21.62,21.58,NA,NA,21.51,NA,NA,21.51,NA,NA,NA,NA,NA,21.59,NA,NA,NA,NA,NA,21.76,NA,NA,NA,NA,NA,NA,NA,NA,NA,NA,NA,NA,NA,NA,NA,NA,NA
NA,NA,NA,NA,NA,NA,NA,NA,NA,NA,NA,NA,NA,NA,NA,NA,NA,NA,NA,NA,NA,NA,NA,NA,NA,NA,NA,NA,NA,NA,23.43,23.01,22.71,22.38,22.1,21.89,21.67,21.5,21.37,21.24,21.14,21.04,20.97,20.91,20.86,20.82,20.79,NA,NA,20.74,NA,NA,20.74,NA,NA,NA,NA,NA,20.84,NA,NA,NA,NA,NA,21,NA,NA,NA,NA,NA,NA,NA,NA,NA,NA,NA,NA,NA,NA,NA,NA,NA
NA,NA,NA,NA,NA,NA,NA,NA,NA,NA,NA,NA,NA,NA,NA,NA,NA,NA,NA,NA,NA,NA,NA,NA,NA,NA,NA,NA,NA,NA,23.09,22.7,22.38,22.15,21.89,21.69,21.49,21.33,21.21,21.1,21,20.91,20.85,20.79,20.74,20.71,20.68,20.66,NA,20.64,NA,NA,20.65,NA,NA,NA,NA,NA,20.75,NA,NA,NA,NA,NA,20.92,NA,NA,NA,NA,NA,NA,NA,NA,NA,NA,NA,NA,NA,NA,NA,NA,NA
NA,NA,NA,NA,NA,NA,NA,NA,NA,NA,NA,NA,NA,NA,NA,NA,NA,NA,NA,NA,NA,NA,NA,NA,NA,NA,NA,NA,NA,NA,23.41,23.06,22.85,22.46,22.2,22,21.79,21.63,21.5,21.39,21.28,21.19,21.13,21.07,21.02,20.98,20.96,20.94,NA,20.91,NA,NA,20.92,NA,NA,NA,NA,NA,21.02,NA,NA,NA,NA,NA,21.19,NA,NA,NA,NA,NA,NA,NA,NA,NA,NA,NA,NA,NA,NA,NA,NA,NA
NA,NA,NA,NA,NA,NA,NA,NA,NA,NA,NA,NA,NA,NA,NA,NA,NA,NA,NA,NA,NA,NA,NA,NA,NA,NA,NA,NA,NA,NA,22.57,22.22,21.97,21.74,21.52,21.35,21.17,21.03,20.92,20.83,20.74,20.66,20.61,20.56,20.52,20.49,20.47,20.46,NA,20.44,NA,NA,20.46,NA,NA,NA,NA,NA,20.57,NA,NA,NA,NA,NA,20.74,NA,NA,NA,NA,NA,NA,NA,NA,NA,NA,NA,NA,NA,NA,NA,NA,NA
NA,NA,NA,NA,NA,NA,NA,NA,NA,NA,NA,NA,NA,NA,NA,NA,NA,NA,NA,NA,NA,NA,NA,NA,NA,NA,NA,NA,NA,NA,22.83,22.43,22.05,21.76,21.51,21.31,21.09,20.92,20.79,20.67,20.57,20.47,20.4,20.34,20.29,20.25,20.22,20.2,NA,20.17,NA,NA,20.17,NA,NA,NA,NA,NA,20.26,NA,NA,NA,NA,NA,20.42,NA,NA,NA,NA,NA,NA,NA,NA,NA,NA,NA,NA,NA,NA,NA,NA,NA
NA,NA,NA,NA,NA,NA,NA,NA,NA,NA,NA,NA,NA,NA,NA,NA,NA,NA,NA,NA,NA,NA,NA,NA,NA,NA,NA,NA,NA,NA,NA,20.5,20.27,20.09,19.9,19.78,19.65,19.54,19.47,19.39,19.33,19.28,19.24,19.21,19.18,19.16,19.15,19.15,NA,19.15,NA,NA,19.17,NA,NA,NA,NA,NA,19.29,NA,NA,NA,NA,NA,19.46,NA,NA,NA,NA,NA,NA,NA,NA,NA,NA,NA,NA,NA,NA,NA,NA,NA
NA,NA,NA,NA,NA,NA,NA,NA,NA,NA,NA,NA,NA,NA,NA,NA,NA,NA,NA,NA,NA,NA,NA,NA,NA,NA,NA,NA,NA,NA,NA,20.9,20.61,20.53,20.31,20.17,20.02,19.9,19.81,19.73,19.65,19.59,19.55,19.5,19.47,19.45,19.43,19.42,19.42,19.42,NA,NA,19.44,NA,NA,NA,NA,NA,19.55,NA,NA,NA,NA,NA,19.72,NA,NA,NA,NA,NA,NA,NA,NA,NA,NA,NA,NA,NA,NA,NA,NA,NA
NA,NA,NA,NA,NA,NA,NA,NA,NA,NA,NA,NA,NA,NA,NA,NA,NA,NA,NA,NA,NA,NA,NA,NA,NA,NA,NA,NA,NA,NA,NA,19.71,19.56,19.53,19.44,19.38,19.32,19.28,19.24,19.21,19.19,19.17,19.16,19.15,19.15,19.15,19.16,19.17,19.18,19.2,NA,NA,19.25,NA,NA,NA,NA,NA,19.4,NA,NA,NA,NA,NA,19.59,NA,NA,NA,NA,NA,NA,NA,NA,NA,NA,NA,NA,NA,NA,NA,NA,NA
NA,NA,NA,NA,NA,NA,NA,NA,NA,NA,NA,NA,NA,NA,NA,NA,NA,NA,NA,NA,NA,NA,NA,NA,NA,NA,NA,NA,NA,NA,NA,19.51,19.46,19.41,19.38,19.34,19.3,19.27,19.25,19.23,19.21,19.2,19.2,19.2,19.2,19.21,19.22,19.23,19.25,19.26,NA,NA,19.33,NA,NA,NA,NA,NA,19.49,NA,NA,NA,NA,NA,19.68,NA,NA,NA,NA,NA,NA,NA,NA,NA,NA,NA,NA,NA,NA,NA,NA,NA
NA,NA,NA,NA,NA,NA,NA,NA,NA,NA,NA,NA,NA,NA,NA,NA,NA,NA,NA,NA,NA,NA,NA,NA,NA,NA,NA,NA,NA,NA,NA,NA,19.13,19.15,19.23,19.15,19.14,19.13,19.13,19.13,19.13,19.14,19.14,19.15,19.17,19.18,19.2,19.22,19.24,19.27,NA,NA,19.34,NA,NA,19.43,NA,NA,19.52,NA,NA,NA,NA,NA,19.71,NA,NA,NA,NA,NA,NA,NA,NA,NA,NA,NA,NA,NA,NA,NA,NA,NA
NA,NA,NA,NA,NA,NA,NA,NA,NA,NA,NA,NA,NA,NA,NA,NA,NA,NA,NA,NA,NA,NA,NA,NA,NA,NA,NA,NA,NA,NA,NA,NA,18.74,18.77,18.85,18.87,18.9,18.92,18.94,18.97,18.99,19.02,19.04,19.07,19.09,19.12,19.14,19.17,19.2,19.23,NA,NA,19.32,NA,NA,19.42,NA,NA,19.52,NA,NA,NA,NA,NA,19.73,NA,NA,NA,NA,NA,NA,NA,NA,NA,NA,NA,NA,NA,NA,NA,NA,NA
NA,NA,NA,NA,NA,NA,NA,NA,NA,NA,NA,NA,NA,NA,NA,NA,NA,NA,NA,NA,NA,NA,NA,NA,NA,NA,NA,NA,NA,NA,NA,NA,18.85,18.89,18.87,18.94,18.97,19,19.02,19.04,19.07,19.09,19.12,19.14,19.17,19.2,19.23,19.25,19.28,19.32,NA,NA,19.41,NA,NA,19.5,NA,NA,19.6,NA,NA,NA,NA,NA,19.81,NA,NA,NA,NA,NA,NA,NA,NA,NA,NA,NA,NA,NA,NA,NA,NA,NA
NA,NA,NA,NA,NA,NA,NA,NA,NA,NA,NA,NA,NA,NA,NA,NA,NA,NA,NA,NA,NA,NA,NA,NA,NA,NA,NA,NA,NA,NA,NA,NA,16.95,17.1,17.28,17.36,17.49,17.6,17.68,17.77,17.85,17.93,17.99,18.06,18.12,18.17,18.23,18.28,18.33,18.38,NA,NA,18.51,NA,NA,18.63,NA,NA,18.75,NA,NA,NA,NA,NA,18.97,NA,NA,NA,NA,NA,NA,NA,NA,NA,NA,NA,NA,NA,NA,NA,NA,NA
NA,NA,NA,NA,NA,NA,NA,NA,NA,NA,NA,NA,NA,NA,NA,NA,NA,NA,NA,NA,NA,NA,NA,NA,NA,NA,NA,NA,NA,NA,NA,NA,18.13,18.17,18.21,18.29,18.36,18.42,18.46,18.5,18.54,18.59,18.62,18.66,18.7,18.73,18.77,18.8,18.84,18.88,NA,NA,18.98,NA,NA,19.08,NA,NA,19.19,NA,NA,NA,NA,NA,19.4,NA,NA,NA,NA,NA,NA,NA,NA,NA,NA,NA,NA,NA,NA,NA,NA,NA
NA,NA,NA,NA,NA,NA,NA,NA,NA,NA,NA,NA,NA,NA,NA,NA,NA,NA,NA,NA,NA,NA,NA,NA,NA,NA,NA,NA,NA,NA,NA,NA,NA,17.04,17.18,17.4,17.54,17.67,17.78,17.88,17.98,18.08,18.15,18.23,18.3,18.37,18.43,18.49,18.55,18.61,18.66,NA,18.75,NA,NA,18.89,NA,NA,19.01,NA,NA,NA,NA,NA,19.25,NA,NA,NA,NA,NA,NA,NA,NA,NA,NA,NA,NA,NA,NA,NA,NA,NA
NA,NA,NA,NA,NA,NA,NA,NA,NA,NA,NA,NA,NA,NA,NA,NA,NA,NA,NA,NA,NA,NA,NA,NA,NA,NA,NA,NA,NA,NA,NA,NA,NA,16.53,16.71,16.93,17.1,17.25,17.37,17.49,17.6,17.71,17.79,17.88,17.95,18.03,18.09,18.15,18.22,18.28,18.33,NA,18.43,NA,NA,18.57,NA,NA,18.7,NA,NA,NA,NA,NA,18.93,NA,NA,NA,NA,NA,NA,NA,NA,NA,NA,NA,NA,NA,NA,NA,NA,NA
NA,NA,NA,NA,NA,NA,NA,NA,NA,NA,NA,NA,NA,NA,NA,NA,NA,NA,NA,NA,NA,NA,NA,NA,NA,NA,NA,NA,NA,NA,NA,NA,NA,15.49,15.8,15.93,16.2,16.39,16.54,16.69,16.83,16.96,17.06,17.17,17.27,17.36,17.43,17.51,17.59,17.66,17.71,NA,17.83,NA,NA,17.98,NA,NA,18.12,NA,NA,NA,NA,NA,18.36,NA,NA,NA,NA,NA,NA,NA,NA,NA,NA,NA,NA,NA,NA,NA,NA,NA
NA,NA,NA,NA,NA,NA,NA,NA,NA,NA,NA,NA,NA,NA,NA,NA,NA,NA,NA,NA,NA,NA,NA,NA,NA,NA,NA,NA,NA,NA,NA,NA,NA,15.13,15.51,15.72,16,16.22,16.4,16.58,16.75,16.91,17.03,17.16,17.27,17.37,17.47,17.55,17.64,17.72,17.79,NA,17.91,NA,NA,18.09,NA,NA,18.23,NA,NA,NA,NA,NA,18.49,NA,NA,NA,NA,NA,NA,NA,NA,NA,NA,NA,NA,NA,NA,NA,NA,NA
NA,NA,NA,NA,NA,NA,NA,NA,NA,NA,NA,NA,NA,NA,NA,NA,NA,NA,NA,NA,NA,NA,NA,NA,NA,NA,NA,NA,NA,NA,NA,NA,NA,NA,17.08,17.2,17.32,17.48,17.59,17.69,17.78,17.87,17.94,18.02,18.09,18.15,18.21,18.26,18.32,18.37,18.42,18.47,18.51,NA,NA,18.64,NA,NA,18.76,NA,NA,NA,NA,NA,18.99,NA,NA,NA,NA,NA,NA,NA,NA,NA,NA,NA,NA,NA,NA,NA,NA,NA
NA,NA,NA,NA,NA,NA,NA,NA,NA,NA,NA,NA,NA,NA,NA,NA,NA,NA,NA,NA,NA,NA,NA,NA,NA,NA,NA,NA,NA,NA,NA,NA,NA,NA,16.97,17.06,17.24,17.36,17.46,17.55,17.64,17.73,17.79,17.86,17.93,17.99,18.04,18.1,18.15,18.2,18.25,18.29,18.33,NA,NA,18.46,NA,NA,18.58,NA,NA,NA,NA,NA,18.8,NA,NA,NA,NA,NA,NA,NA,NA,NA,NA,NA,NA,NA,NA,NA,NA,NA
NA,NA,NA,NA,NA,NA,NA,NA,NA,NA,NA,NA,NA,NA,NA,NA,NA,NA,NA,NA,NA,NA,NA,NA,NA,NA,NA,NA,NA,NA,NA,NA,NA,NA,15.82,16.02,16.22,16.38,16.53,16.66,16.79,16.92,17.01,17.11,17.2,17.28,17.36,17.43,17.5,17.56,17.62,17.67,17.73,NA,NA,17.87,NA,NA,18,NA,NA,NA,NA,NA,18.24,NA,NA,NA,NA,NA,NA,NA,NA,NA,NA,NA,NA,NA,NA,NA,NA,NA
NA,NA,NA,NA,NA,NA,NA,NA,NA,NA,NA,NA,NA,NA,NA,NA,NA,NA,NA,NA,NA,NA,NA,NA,NA,NA,NA,NA,NA,NA,NA,NA,NA,NA,14.68,15.06,15.34,15.57,15.78,15.98,16.17,16.35,16.48,16.63,16.75,16.87,16.97,17.06,17.16,17.25,17.32,17.39,17.46,NA,NA,17.64,NA,NA,17.79,NA,NA,NA,NA,NA,18.05,NA,NA,NA,NA,NA,NA,NA,NA,NA,NA,NA,NA,NA,NA,NA,NA,NA
NA,NA,NA,NA,NA,NA,NA,NA,NA,NA,NA,NA,NA,NA,NA,NA,NA,NA,NA,NA,NA,NA,NA,NA,NA,NA,NA,NA,NA,NA,NA,NA,NA,NA,NA,15.61,15.97,16.17,16.39,16.58,16.76,16.93,17.06,17.2,17.32,17.43,17.53,17.62,17.71,17.8,17.87,17.93,18,NA,NA,18.18,NA,NA,18.33,NA,NA,NA,NA,NA,18.59,NA,NA,NA,NA,NA,18.83,NA,NA,NA,NA,NA,NA,NA,NA,NA,NA,NA
NA,NA,NA,NA,NA,NA,NA,NA,NA,NA,NA,NA,NA,NA,NA,NA,NA,NA,NA,NA,NA,NA,NA,NA,NA,NA,NA,NA,NA,NA,NA,NA,NA,NA,NA,15.18,15.58,15.75,15.95,16.13,16.29,16.46,16.57,16.7,16.81,16.92,17.01,17.09,17.18,17.26,17.32,17.38,17.45,NA,NA,17.61,NA,NA,17.76,NA,NA,NA,NA,NA,18.01,NA,NA,NA,NA,NA,18.23,NA,NA,NA,NA,NA,NA,NA,NA,NA,NA,NA
NA,NA,NA,NA,NA,NA,NA,NA,NA,NA,NA,NA,NA,NA,NA,NA,NA,NA,NA,NA,NA,NA,NA,NA,NA,NA,NA,NA,NA,NA,NA,NA,NA,NA,NA,14.76,15.02,15.24,15.44,15.62,15.78,15.94,16.06,16.19,16.3,16.41,16.5,16.58,16.67,16.74,16.81,16.87,16.93,NA,NA,17.1,NA,NA,17.24,NA,NA,NA,NA,NA,17.49,NA,NA,NA,NA,NA,17.7,NA,NA,NA,NA,NA,NA,NA,NA,NA,NA,NA
NA,NA,NA,NA,NA,NA,NA,NA,NA,NA,NA,NA,NA,NA,NA,NA,NA,NA,NA,NA,NA,NA,NA,NA,NA,NA,NA,NA,NA,NA,NA,NA,NA,NA,NA,14.35,14.63,14.93,15.14,15.36,15.56,15.76,15.91,16.06,16.2,16.32,16.43,16.53,16.64,16.73,16.8,16.88,16.95,NA,NA,17.13,NA,NA,17.29,NA,NA,NA,NA,NA,17.56,NA,NA,NA,NA,NA,17.79,NA,NA,NA,NA,NA,NA,NA,NA,NA,NA,NA
NA,NA,NA,NA,NA,NA,NA,NA,NA,NA,NA,NA,NA,NA,NA,NA,NA,NA,NA,NA,NA,NA,NA,NA,NA,NA,NA,NA,NA,NA,NA,NA,NA,NA,NA,NA,13.75,14.16,14.43,14.68,14.94,15.19,15.36,15.56,15.73,15.89,16.02,16.15,16.27,16.39,16.48,16.56,16.65,NA,NA,16.87,NA,NA,17.05,NA,NA,NA,NA,NA,17.34,NA,NA,NA,NA,NA,17.58,NA,NA,NA,NA,NA,NA,NA,NA,NA,NA,NA
NA,NA,NA,NA,NA,NA,NA,NA,NA,NA,NA,NA,NA,NA,NA,NA,NA,NA,NA,NA,NA,NA,NA,NA,NA,NA,NA,NA,NA,NA,NA,NA,NA,NA,NA,NA,13.52,13.92,14.28,14.59,14.9,15.2,15.42,15.65,15.86,16.04,16.2,16.35,16.5,16.63,16.74,16.84,16.94,NA,NA,17.2,NA,NA,17.4,NA,NA,NA,NA,NA,17.72,NA,NA,NA,NA,NA,17.98,NA,NA,NA,NA,NA,NA,NA,NA,NA,NA,NA
NA,NA,NA,NA,NA,NA,NA,NA,NA,NA,NA,NA,NA,NA,NA,NA,NA,NA,NA,NA,NA,NA,NA,NA,NA,NA,NA,NA,NA,NA,NA,NA,NA,NA,NA,NA,14.06,14.35,14.74,14.96,15.22,15.48,15.66,15.87,16.04,16.2,16.34,16.47,16.6,16.71,16.8,16.89,16.98,NA,NA,17.21,NA,NA,17.39,NA,NA,NA,NA,NA,17.69,NA,NA,NA,NA,NA,17.93,NA,NA,NA,NA,NA,NA,NA,NA,NA,NA,NA
NA,NA,NA,NA,NA,NA,NA,NA,NA,NA,NA,NA,NA,NA,NA,NA,NA,NA,NA,NA,NA,NA,NA,NA,NA,NA,NA,NA,NA,NA,NA,NA,NA,NA,NA,NA,13.36,13.67,13.97,14.29,14.56,14.83,15.01,15.22,15.4,15.57,15.71,15.84,15.97,16.09,16.18,16.27,16.36,16.44,NA,16.59,NA,NA,16.77,NA,NA,NA,NA,NA,17.07,NA,NA,NA,NA,NA,17.31,NA,NA,NA,NA,NA,NA,NA,NA,NA,NA,NA
NA,NA,NA,NA,NA,NA,NA,NA,NA,NA,NA,NA,NA,NA,NA,NA,NA,NA,NA,NA,NA,NA,NA,NA,NA,NA,NA,NA,NA,NA,NA,NA,NA,NA,NA,NA,12.87,13.29,13.66,14.01,14.33,14.65,14.89,15.14,15.36,15.57,15.74,15.9,16.07,16.21,16.32,16.43,16.54,16.64,NA,16.81,NA,NA,17.03,NA,NA,NA,NA,NA,17.36,NA,NA,NA,NA,NA,17.62,NA,NA,NA,NA,NA,NA,NA,NA,NA,NA,NA
NA,NA,NA,NA,NA,NA,NA,NA,NA,NA,NA,NA,NA,NA,NA,NA,NA,NA,NA,NA,NA,NA,NA,NA,NA,NA,NA,NA,NA,NA,NA,NA,NA,NA,NA,NA,NA,14.58,14.84,15.13,15.41,15.67,15.86,16.06,16.24,16.4,16.54,16.67,16.8,16.92,17.01,17.1,17.19,17.27,17.34,17.41,NA,NA,17.6,NA,NA,NA,NA,NA,17.9,NA,NA,NA,NA,NA,18.15,NA,NA,NA,NA,NA,NA,NA,NA,NA,NA,NA
NA,NA,NA,NA,NA,NA,NA,NA,NA,NA,NA,NA,NA,NA,NA,NA,NA,NA,NA,NA,NA,NA,NA,NA,NA,NA,NA,NA,NA,NA,NA,NA,NA,NA,NA,NA,NA,14.96,15.19,15.55,15.8,16.04,16.22,16.41,16.58,16.73,16.86,16.98,17.11,17.22,17.31,17.39,17.48,17.55,17.62,17.7,NA,NA,17.87,NA,NA,NA,NA,NA,18.17,NA,NA,NA,NA,NA,18.41,NA,NA,NA,NA,NA,NA,NA,NA,NA,NA,NA
NA,NA,NA,NA,NA,NA,NA,NA,NA,NA,NA,NA,NA,NA,NA,NA,NA,NA,NA,NA,NA,NA,NA,NA,NA,NA,NA,NA,NA,NA,NA,NA,NA,NA,NA,NA,NA,14.96,15.29,15.59,15.85,16.12,16.3,16.51,16.68,16.84,16.98,17.11,17.24,17.36,17.45,17.54,17.63,17.71,17.78,17.86,NA,NA,18.04,NA,NA,NA,NA,NA,18.35,NA,NA,NA,NA,NA,18.6,NA,NA,NA,NA,NA,NA,NA,NA,NA,NA,NA
NA,NA,NA,NA,NA,NA,NA,NA,NA,NA,NA,NA,NA,NA,NA,NA,NA,NA,NA,NA,NA,NA,NA,NA,NA,NA,NA,NA,NA,NA,NA,NA,NA,NA,NA,NA,NA,16.26,16.55,16.72,16.99,17.21,17.38,17.56,17.71,17.85,17.97,18.08,18.2,18.3,18.38,18.46,18.54,18.61,18.68,18.75,NA,NA,18.92,NA,NA,NA,NA,NA,19.21,NA,NA,NA,NA,NA,19.46,NA,NA,NA,NA,NA,NA,NA,NA,NA,NA,NA
NA,NA,NA,NA,NA,NA,NA,NA,NA,NA,NA,NA,NA,NA,NA,NA,NA,NA,NA,NA,NA,NA,NA,NA,NA,NA,NA,NA,NA,NA,NA,NA,NA,NA,NA,NA,NA,NA,17.05,17.21,17.38,17.57,17.69,17.83,17.95,18.05,18.15,18.23,18.32,18.4,18.47,18.53,18.6,18.66,18.71,18.77,NA,NA,18.92,NA,NA,NA,NA,NA,19.18,NA,NA,NA,NA,NA,19.41,NA,NA,NA,NA,NA,NA,NA,NA,NA,NA,NA
NA,NA,NA,NA,NA,NA,NA,NA,NA,NA,NA,NA,NA,NA,NA,NA,NA,NA,NA,NA,NA,NA,NA,NA,NA,NA,NA,NA,NA,NA,NA,NA,NA,NA,NA,NA,NA,NA,16.98,17.2,17.44,17.67,17.82,17.99,18.14,18.27,18.39,18.5,18.61,18.71,18.79,18.86,18.94,19.01,19.08,19.14,NA,NA,19.31,NA,NA,NA,NA,NA,19.6,NA,NA,NA,NA,NA,19.85,NA,NA,NA,NA,NA,NA,NA,NA,NA,NA,NA
NA,NA,NA,NA,NA,NA,NA,NA,NA,NA,NA,NA,NA,NA,NA,NA,NA,NA,NA,NA,NA,NA,NA,NA,NA,NA,NA,NA,NA,NA,NA,NA,NA,NA,NA,NA,NA,NA,18.79,18.91,18.97,19.01,19.07,19.14,19.19,19.24,19.29,19.34,19.38,19.43,19.47,19.51,19.55,19.59,19.62,19.67,NA,NA,19.78,NA,NA,NA,NA,NA,20,NA,NA,NA,NA,NA,20.22,NA,NA,NA,NA,NA,NA,NA,NA,NA,NA,NA
NA,NA,NA,NA,NA,NA,NA,NA,NA,NA,NA,NA,NA,NA,NA,NA,NA,NA,NA,NA,NA,NA,NA,NA,NA,NA,NA,NA,NA,NA,NA,NA,NA,NA,NA,NA,NA,NA,18.41,18.48,18.61,18.69,18.75,18.82,18.89,18.94,19,19.04,19.1,19.14,19.19,19.23,19.27,19.31,19.35,19.39,NA,NA,19.5,NA,NA,19.62,NA,NA,19.73,NA,NA,NA,NA,NA,19.95,NA,NA,NA,NA,NA,NA,NA,NA,NA,NA,NA
NA,NA,NA,NA,NA,NA,NA,NA,NA,NA,NA,NA,NA,NA,NA,NA,NA,NA,NA,NA,NA,NA,NA,NA,NA,NA,NA,NA,NA,NA,NA,NA,NA,NA,NA,NA,NA,NA,NA,17.56,17.7,17.87,18,18.14,18.26,18.38,18.47,18.56,18.65,18.74,18.8,18.87,18.93,19,19.05,19.11,NA,NA,19.26,NA,NA,19.4,NA,NA,19.53,NA,NA,NA,NA,NA,19.77,NA,NA,NA,NA,NA,NA,NA,NA,NA,NA,NA
NA,NA,NA,NA,NA,NA,NA,NA,NA,NA,NA,NA,NA,NA,NA,NA,NA,NA,NA,NA,NA,NA,NA,NA,NA,NA,NA,NA,NA,NA,NA,NA,NA,NA,NA,NA,NA,NA,NA,17.1,17.34,17.51,17.67,17.82,17.94,18.05,18.14,18.23,18.32,18.4,18.47,18.53,18.59,18.66,18.71,18.77,18.81,NA,18.91,NA,NA,19.06,NA,NA,19.18,NA,NA,NA,NA,NA,19.41,NA,NA,NA,NA,NA,NA,NA,NA,NA,NA,NA
NA,NA,NA,NA,NA,NA,NA,NA,NA,NA,NA,NA,NA,NA,NA,NA,NA,NA,NA,NA,NA,NA,NA,NA,NA,NA,NA,NA,NA,NA,NA,NA,NA,NA,NA,NA,NA,NA,NA,17.38,17.57,17.69,17.82,17.94,18.05,18.15,18.24,18.32,18.4,18.48,18.54,18.6,18.66,18.71,18.77,18.82,18.86,NA,18.96,NA,NA,19.09,NA,NA,19.21,NA,NA,NA,NA,NA,19.44,NA,NA,NA,NA,NA,NA,NA,NA,NA,NA,NA
NA,NA,NA,NA,NA,NA,NA,NA,NA,NA,NA,NA,NA,NA,NA,NA,NA,NA,NA,NA,NA,NA,NA,NA,NA,NA,NA,NA,NA,NA,NA,NA,NA,NA,NA,NA,NA,NA,NA,19.5,19.45,19.45,19.47,19.47,19.47,19.47,19.47,19.48,19.49,19.5,19.51,19.53,19.54,19.56,19.58,19.61,19.63,NA,19.68,NA,NA,19.77,NA,NA,19.86,NA,NA,NA,NA,NA,20.06,NA,NA,NA,NA,NA,NA,NA,NA,NA,NA,NA
NA,NA,NA,NA,NA,NA,NA,NA,NA,NA,NA,NA,NA,NA,NA,NA,NA,NA,NA,NA,NA,NA,NA,NA,NA,NA,NA,NA,NA,NA,NA,NA,NA,NA,NA,NA,NA,NA,NA,19.43,19.41,19.39,19.31,19.34,19.33,19.32,19.32,19.32,19.32,19.32,19.33,19.34,19.35,19.37,19.38,19.4,19.42,NA,19.47,NA,NA,19.55,NA,NA,19.64,NA,NA,NA,NA,NA,19.83,NA,NA,NA,NA,NA,NA,NA,NA,NA,NA,NA
NA,NA,NA,NA,NA,NA,NA,NA,NA,NA,NA,NA,NA,NA,NA,NA,NA,NA,NA,NA,NA,NA,NA,NA,NA,NA,NA,NA,NA,NA,NA,NA,NA,NA,NA,NA,NA,NA,NA,NA,19.91,19.81,19.81,19.78,19.74,19.71,19.68,19.66,19.65,19.64,19.63,19.63,19.64,19.64,19.65,19.67,19.68,19.7,19.72,NA,NA,19.79,NA,NA,19.87,NA,NA,NA,NA,NA,20.05,NA,NA,NA,NA,NA,NA,NA,NA,NA,NA,NA
NA,NA,NA,NA,NA,NA,NA,NA,NA,NA,NA,NA,NA,NA,NA,NA,NA,NA,NA,NA,NA,NA,NA,NA,NA,NA,NA,NA,NA,NA,NA,NA,NA,NA,NA,NA,NA,NA,NA,NA,19.38,19.26,19.29,19.19,19.15,19.11,19.08,19.06,19.03,19.02,19.01,19.01,19.01,19.01,19.02,19.03,19.04,19.06,19.07,NA,NA,19.14,NA,NA,19.21,NA,NA,NA,NA,NA,19.39,NA,NA,NA,NA,NA,NA,NA,NA,NA,NA,NA
NA,NA,NA,NA,NA,NA,NA,NA,NA,NA,NA,NA,NA,NA,NA,NA,NA,NA,NA,NA,NA,NA,NA,NA,NA,NA,NA,NA,NA,NA,NA,NA,NA,NA,NA,NA,NA,NA,NA,NA,19.1,19.13,19.06,19,18.97,18.95,18.93,18.92,18.91,18.9,18.9,18.91,18.91,18.92,18.93,18.94,18.96,18.98,19,NA,NA,19.07,NA,NA,19.15,NA,NA,NA,NA,NA,19.33,NA,NA,NA,NA,NA,NA,NA,NA,NA,NA,NA
NA,NA,NA,NA,NA,NA,NA,NA,NA,NA,NA,NA,NA,NA,NA,NA,NA,NA,NA,NA,NA,NA,NA,NA,NA,NA,NA,NA,NA,NA,NA,NA,NA,NA,NA,NA,NA,NA,NA,NA,18.88,18.93,18.77,18.74,18.71,18.68,18.66,18.64,18.63,18.62,18.61,18.61,18.62,18.62,18.63,18.65,18.66,18.68,18.69,NA,NA,18.76,NA,NA,18.84,NA,NA,NA,NA,NA,19.01,NA,NA,NA,NA,NA,NA,NA,NA,NA,NA,NA
NA,NA,NA,NA,NA,NA,NA,NA,NA,NA,NA,NA,NA,NA,NA,NA,NA,NA,NA,NA,NA,NA,NA,NA,NA,NA,NA,NA,NA,NA,NA,NA,NA,NA,NA,NA,NA,NA,NA,NA,NA,19.44,19.27,19.23,19.13,19.06,18.99,18.94,18.89,18.86,18.83,18.81,18.79,18.78,18.78,18.78,18.78,18.79,18.8,NA,NA,18.84,NA,NA,18.9,NA,NA,NA,NA,NA,19.06,NA,NA,NA,NA,NA,19.25,NA,NA,NA,NA,NA
NA,NA,NA,NA,NA,NA,NA,NA,NA,NA,NA,NA,NA,NA,NA,NA,NA,NA,NA,NA,NA,NA,NA,NA,NA,NA,NA,NA,NA,NA,NA,NA,NA,NA,NA,NA,NA,NA,NA,NA,NA,22.28,21.96,21.66,21.47,21.28,21.12,20.98,20.84,20.73,20.65,20.58,20.51,20.46,20.42,20.39,20.36,20.35,20.33,NA,NA,20.33,NA,NA,20.36,NA,NA,NA,NA,NA,20.49,NA,NA,NA,NA,NA,20.67,NA,NA,NA,NA,NA
NA,NA,NA,NA,NA,NA,NA,NA,NA,NA,NA,NA,NA,NA,NA,NA,NA,NA,NA,NA,NA,NA,NA,NA,NA,NA,NA,NA,NA,NA,NA,NA,NA,NA,NA,NA,NA,NA,NA,NA,NA,23.73,23.43,23.04,22.72,22.45,22.23,22.03,21.84,21.69,21.57,21.47,21.38,21.3,21.24,21.19,21.15,21.12,21.09,NA,NA,21.06,NA,NA,21.08,NA,NA,NA,NA,NA,21.19,NA,NA,NA,NA,NA,21.36,NA,NA,NA,NA,NA
NA,NA,NA,NA,NA,NA,NA,NA,NA,NA,NA,NA,NA,NA,NA,NA,NA,NA,NA,NA,NA,NA,NA,NA,NA,NA,NA,NA,NA,NA,NA,NA,NA,NA,NA,NA,NA,NA,NA,NA,NA,25.26,24.78,24.22,23.85,23.48,23.17,22.9,22.64,22.43,22.27,22.12,21.99,21.88,21.8,21.72,21.66,21.61,21.57,NA,NA,21.5,NA,NA,21.49,NA,NA,NA,NA,NA,21.57,NA,NA,NA,NA,NA,21.73,NA,NA,NA,NA,NA
NA,NA,NA,NA,NA,NA,NA,NA,NA,NA,NA,NA,NA,NA,NA,NA,NA,NA,NA,NA,NA,NA,NA,NA,NA,NA,NA,NA,NA,NA,NA,NA,NA,NA,NA,NA,NA,NA,NA,NA,NA,23.86,23.45,23.05,22.8,22.52,22.29,22.1,21.9,21.75,21.63,21.53,21.43,21.35,21.29,21.24,21.2,21.17,21.14,NA,NA,21.11,NA,NA,21.12,NA,NA,NA,NA,NA,21.23,NA,NA,NA,NA,NA,21.41,NA,NA,NA,NA,NA
NA,NA,NA,NA,NA,NA,NA,NA,NA,NA,NA,NA,NA,NA,NA,NA,NA,NA,NA,NA,NA,NA,NA,NA,NA,NA,NA,NA,NA,NA,NA,NA,NA,NA,NA,NA,NA,NA,NA,NA,NA,NA,25.33,24.97,24.5,24.15,23.85,23.6,23.34,23.14,22.98,22.85,22.72,22.62,22.53,22.46,22.4,22.35,22.31,22.28,NA,22.25,NA,NA,22.25,NA,NA,NA,NA,NA,22.34,NA,NA,NA,NA,NA,22.51,NA,NA,NA,NA,NA
NA,NA,NA,NA,NA,NA,NA,NA,NA,NA,NA,NA,NA,NA,NA,NA,NA,NA,NA,NA,NA,NA,NA,NA,NA,NA,NA,NA,NA,NA,NA,NA,NA,NA,NA,NA,NA,NA,NA,NA,NA,NA,25.31,24.76,24.32,23.97,23.65,23.38,23.11,22.89,22.72,22.57,22.44,22.32,22.23,22.15,22.09,22.03,21.99,21.95,NA,21.91,NA,NA,21.9,NA,NA,NA,NA,NA,21.98,NA,NA,NA,NA,NA,22.15,NA,NA,NA,NA,NA
NA,NA,NA,NA,NA,NA,NA,NA,NA,NA,NA,NA,NA,NA,NA,NA,NA,NA,NA,NA,NA,NA,NA,NA,NA,NA,NA,NA,NA,NA,NA,NA,NA,NA,NA,NA,NA,NA,NA,NA,NA,NA,23.89,23.65,23.34,23.07,22.86,22.68,22.5,22.35,22.25,22.15,22.06,21.99,21.94,21.89,21.85,21.82,21.8,21.79,NA,21.78,NA,NA,21.8,NA,NA,NA,NA,NA,21.92,NA,NA,NA,NA,NA,22.11,NA,NA,NA,NA,NA
NA,NA,NA,NA,NA,NA,NA,NA,NA,NA,NA,NA,NA,NA,NA,NA,NA,NA,NA,NA,NA,NA,NA,NA,NA,NA,NA,NA,NA,NA,NA,NA,NA,NA,NA,NA,NA,NA,NA,NA,NA,NA,24.83,24.46,24.08,23.78,23.53,23.31,23.1,22.93,22.8,22.68,22.58,22.49,22.42,22.36,22.31,22.27,22.24,22.22,NA,22.2,NA,NA,22.21,NA,NA,NA,NA,NA,22.32,NA,NA,NA,NA,NA,22.5,NA,NA,NA,NA,NA
NA,NA,NA,NA,NA,NA,NA,NA,NA,NA,NA,NA,NA,NA,NA,NA,NA,NA,NA,NA,NA,NA,NA,NA,NA,NA,NA,NA,NA,NA,NA,NA,NA,NA,NA,NA,NA,NA,NA,NA,NA,NA,NA,24.86,24.59,24.27,24.02,23.82,23.62,23.45,23.33,23.22,23.12,23.04,22.97,22.92,22.88,22.84,22.81,22.79,22.78,22.78,NA,NA,22.79,NA,NA,NA,NA,NA,22.91,NA,NA,NA,NA,NA,23.1,NA,NA,NA,NA,NA
NA,NA,NA,NA,NA,NA,NA,NA,NA,NA,NA,NA,NA,NA,NA,NA,NA,NA,NA,NA,NA,NA,NA,NA,NA,NA,NA,NA,NA,NA,NA,NA,NA,NA,NA,NA,NA,NA,NA,NA,NA,NA,NA,27.03,26.56,26.14,25.81,25.49,25.18,24.92,24.73,24.55,24.4,24.26,24.16,24.06,23.99,23.92,23.87,23.82,23.79,23.77,NA,NA,23.75,NA,NA,NA,NA,NA,23.83,NA,NA,NA,NA,NA,24,NA,NA,NA,NA,NA
NA,NA,NA,NA,NA,NA,NA,NA,NA,NA,NA,NA,NA,NA,NA,NA,NA,NA,NA,NA,NA,NA,NA,NA,NA,NA,NA,NA,NA,NA,NA,NA,NA,NA,NA,NA,NA,NA,NA,NA,NA,NA,NA,26.13,25.77,25.46,25.16,24.9,24.64,24.43,24.28,24.14,24.01,23.9,23.82,23.74,23.68,23.63,23.59,23.56,23.54,23.53,NA,NA,23.52,NA,NA,NA,NA,NA,23.63,NA,NA,NA,NA,NA,23.81,NA,NA,NA,NA,NA
NA,NA,NA,NA,NA,NA,NA,NA,NA,NA,NA,NA,NA,NA,NA,NA,NA,NA,NA,NA,NA,NA,NA,NA,NA,NA,NA,NA,NA,NA,NA,NA,NA,NA,NA,NA,NA,NA,NA,NA,NA,NA,NA,25.57,25.19,24.84,24.61,24.38,24.16,23.97,23.84,23.71,23.6,23.5,23.43,23.36,23.31,23.27,23.24,23.21,23.2,23.19,NA,NA,23.19,NA,NA,NA,NA,NA,23.3,NA,NA,NA,NA,NA,23.49,NA,NA,NA,NA,NA
NA,NA,NA,NA,NA,NA,NA,NA,NA,NA,NA,NA,NA,NA,NA,NA,NA,NA,NA,NA,NA,NA,NA,NA,NA,NA,NA,NA,NA,NA,NA,NA,NA,NA,NA,NA,NA,NA,NA,NA,NA,NA,NA,NA,25.05,24.86,24.7,24.51,24.36,24.24,24.15,24.07,24,23.95,23.9,23.86,23.84,23.82,23.81,23.8,23.8,23.8,NA,NA,23.84,NA,NA,23.91,NA,NA,23.99,NA,NA,NA,NA,NA,24.2,NA,NA,NA,NA,NA
NA,NA,NA,NA,NA,NA,NA,NA,NA,NA,NA,NA,NA,NA,NA,NA,NA,NA,NA,NA,NA,NA,NA,NA,NA,NA,NA,NA,NA,NA,NA,NA,NA,NA,NA,NA,NA,NA,NA,NA,NA,NA,NA,NA,25.2,25.04,24.98,24.78,24.65,24.54,24.47,24.39,24.33,24.28,24.24,24.21,24.19,24.18,24.17,24.17,24.17,24.18,NA,NA,24.22,NA,NA,24.29,NA,NA,24.38,NA,NA,NA,NA,NA,24.6,NA,NA,NA,NA,NA
NA,NA,NA,NA,NA,NA,NA,NA,NA,NA,NA,NA,NA,NA,NA,NA,NA,NA,NA,NA,NA,NA,NA,NA,NA,NA,NA,NA,NA,NA,NA,NA,NA,NA,NA,NA,NA,NA,NA,NA,NA,NA,NA,NA,25.53,25.3,25.12,24.92,24.75,24.61,24.5,24.41,24.32,24.25,24.2,24.15,24.12,24.09,24.07,24.06,24.05,24.05,NA,NA,24.08,NA,NA,24.14,NA,NA,24.22,NA,NA,NA,NA,NA,24.43,NA,NA,NA,NA,NA
NA,NA,NA,NA,NA,NA,NA,NA,NA,NA,NA,NA,NA,NA,NA,NA,NA,NA,NA,NA,NA,NA,NA,NA,NA,NA,NA,NA,NA,NA,NA,NA,NA,NA,NA,NA,NA,NA,NA,NA,NA,NA,NA,NA,24.81,24.66,24.58,24.51,24.4,24.31,24.24,24.18,24.13,24.09,24.06,24.04,24.02,24.01,24.01,24.01,24.01,24.02,NA,NA,24.08,NA,NA,24.15,NA,NA,24.24,NA,NA,NA,NA,NA,24.47,NA,NA,NA,NA,NA
NA,NA,NA,NA,NA,NA,NA,NA,NA,NA,NA,NA,NA,NA,NA,NA,NA,NA,NA,NA,NA,NA,NA,NA,NA,NA,NA,NA,NA,NA,NA,NA,NA,NA,NA,NA,NA,NA,NA,NA,NA,NA,NA,NA,25.1,24.83,24.47,24.36,24.2,24.03,23.91,23.8,23.7,23.61,23.55,23.49,23.44,23.41,23.38,23.36,23.35,23.34,NA,NA,23.36,NA,NA,23.4,NA,NA,23.47,NA,NA,NA,NA,NA,23.67,NA,NA,NA,NA,NA
NA,NA,NA,NA,NA,NA,NA,NA,NA,NA,NA,NA,NA,NA,NA,NA,NA,NA,NA,NA,NA,NA,NA,NA,NA,NA,NA,NA,NA,NA,NA,NA,NA,NA,NA,NA,NA,NA,NA,NA,NA,NA,NA,NA,NA,23.15,23.08,22.9,22.84,22.76,22.69,22.64,22.59,22.55,22.52,22.49,22.48,22.47,22.46,22.46,22.47,22.48,NA,NA,22.52,NA,NA,22.59,NA,NA,22.68,NA,NA,NA,NA,NA,22.88,NA,NA,NA,NA,NA
NA,NA,NA,NA,NA,NA,NA,NA,NA,NA,NA,NA,NA,NA,NA,NA,NA,NA,NA,NA,NA,NA,NA,NA,NA,NA,NA,NA,NA,NA,NA,NA,NA,NA,NA,NA,NA,NA,NA,NA,NA,NA,NA,NA,NA,21.97,21.98,21.93,21.88,21.87,21.85,21.84,21.84,21.83,21.84,21.84,21.85,21.86,21.88,21.9,21.92,21.94,NA,NA,22.01,NA,NA,22.11,NA,NA,22.2,NA,NA,NA,NA,NA,22.42,NA,NA,NA,NA,NA
NA,NA,NA,NA,NA,NA,NA,NA,NA,NA,NA,NA,NA,NA,NA,NA,NA,NA,NA,NA,NA,NA,NA,NA,NA,NA,NA,NA,NA,NA,NA,NA,NA,NA,NA,NA,NA,NA,NA,NA,NA,NA,NA,NA,NA,23.48,23.29,23.14,22.98,22.85,22.75,22.67,22.59,22.53,22.47,22.43,22.4,22.37,22.36,22.34,22.34,22.34,NA,NA,22.36,NA,NA,22.42,NA,NA,22.49,NA,NA,NA,NA,NA,22.68,NA,NA,NA,NA,NA
NA,NA,NA,NA,NA,NA,NA,NA,NA,NA,NA,NA,NA,NA,NA,NA,NA,NA,NA,NA,NA,NA,NA,NA,NA,NA,NA,NA,NA,NA,NA,NA,NA,NA,NA,NA,NA,NA,NA,NA,NA,NA,NA,NA,NA,22.28,22.28,22.16,22.12,22.06,22.02,21.98,21.95,21.93,21.91,21.9,21.9,21.89,21.9,21.91,21.92,21.93,21.94,NA,21.99,NA,NA,22.06,NA,NA,22.15,NA,NA,NA,NA,NA,22.36,NA,NA,NA,NA,NA
NA,NA,NA,NA,NA,NA,NA,NA,NA,NA,NA,NA,NA,NA,NA,NA,NA,NA,NA,NA,NA,NA,NA,NA,NA,NA,NA,NA,NA,NA,NA,NA,NA,NA,NA,NA,NA,NA,NA,NA,NA,NA,NA,NA,NA,NA,22.98,22.83,22.79,22.62,22.55,22.5,22.45,22.41,22.37,22.35,22.33,22.32,22.31,22.31,22.31,22.32,22.33,NA,22.36,NA,NA,22.43,NA,NA,22.51,NA,NA,NA,NA,NA,22.72,NA,NA,NA,NA,NA
NA,NA,NA,NA,NA,NA,NA,NA,NA,NA,NA,NA,NA,NA,NA,NA,NA,NA,NA,NA,NA,NA,NA,NA,NA,NA,NA,NA,NA,NA,NA,NA,NA,NA,NA,NA,NA,NA,NA,NA,NA,NA,NA,NA,NA,NA,22.36,22.31,22.17,22.14,22.09,22.05,22.01,21.98,21.96,21.95,21.94,21.93,21.93,21.94,21.94,21.96,21.97,NA,22.01,NA,NA,22.08,NA,NA,22.17,NA,NA,NA,NA,NA,22.37,NA,NA,NA,NA,NA
NA,NA,NA,NA,NA,NA,NA,NA,NA,NA,NA,NA,NA,NA,NA,NA,NA,NA,NA,NA,NA,NA,NA,NA,NA,NA,NA,NA,NA,NA,NA,NA,NA,NA,NA,NA,NA,NA,NA,NA,NA,NA,NA,NA,NA,NA,22.29,22.12,22,21.93,21.85,21.77,21.71,21.65,21.61,21.57,21.54,21.52,21.51,21.5,21.5,21.5,21.5,NA,21.52,NA,NA,21.58,NA,NA,21.65,NA,NA,NA,NA,NA,21.84,NA,NA,NA,NA,NA
NA,NA,NA,NA,NA,NA,NA,NA,NA,NA,NA,NA,NA,NA,NA,NA,NA,NA,NA,NA,NA,NA,NA,NA,NA,NA,NA,NA,NA,NA,NA,NA,NA,NA,NA,NA,NA,NA,NA,NA,NA,NA,NA,NA,NA,NA,23.67,23.37,23.09,22.83,22.63,22.45,22.28,22.13,22.02,21.91,21.83,21.75,21.69,21.64,21.6,21.57,21.55,21.54,21.53,NA,NA,21.53,NA,NA,21.57,NA,NA,NA,NA,NA,21.72,NA,NA,NA,NA,NA
NA,NA,NA,NA,NA,NA,NA,NA,NA,NA,NA,NA,NA,NA,NA,NA,NA,NA,NA,NA,NA,NA,NA,NA,NA,NA,NA,NA,NA,NA,NA,NA,NA,NA,NA,NA,NA,NA,NA,NA,NA,NA,NA,NA,NA,NA,NA,25.43,24.94,24.44,24.12,23.82,23.55,23.32,23.13,22.95,22.82,22.69,22.59,22.49,22.42,22.36,22.32,22.28,22.25,NA,NA,22.21,NA,NA,22.22,NA,NA,NA,NA,NA,22.33,NA,NA,NA,22.52,NA
NA,NA,NA,NA,NA,NA,NA,NA,NA,NA,NA,NA,NA,NA,NA,NA,NA,NA,NA,NA,NA,NA,NA,NA,NA,NA,NA,NA,NA,NA,NA,NA,NA,NA,NA,NA,NA,NA,NA,NA,NA,NA,NA,NA,NA,NA,NA,25.56,25.22,24.78,24.51,24.24,23.99,23.78,23.6,23.44,23.32,23.2,23.11,23.02,22.96,22.9,22.87,22.83,22.81,NA,NA,22.78,NA,NA,22.8,NA,NA,NA,NA,NA,22.92,NA,NA,NA,23.11,NA
NA,NA,NA,NA,NA,NA,NA,NA,NA,NA,NA,NA,NA,NA,NA,NA,NA,NA,NA,NA,NA,NA,NA,NA,NA,NA,NA,NA,NA,NA,NA,NA,NA,NA,NA,NA,NA,NA,NA,NA,NA,NA,NA,NA,NA,NA,NA,23.28,23.08,22.94,22.8,22.69,22.59,22.51,22.44,22.38,22.33,22.29,22.26,22.24,22.22,22.21,22.21,22.21,22.22,NA,NA,22.26,NA,NA,22.32,NA,NA,NA,NA,NA,22.5,NA,NA,NA,22.72,NA
NA,NA,NA,NA,NA,NA,NA,NA,NA,NA,NA,NA,NA,NA,NA,NA,NA,NA,NA,NA,NA,NA,NA,NA,NA,NA,NA,NA,NA,NA,NA,NA,NA,NA,NA,NA,NA,NA,NA,NA,NA,NA,NA,NA,NA,NA,NA,25.95,25.42,24.99,24.63,24.33,24.06,23.82,23.63,23.45,23.31,23.18,23.07,22.97,22.9,22.84,22.8,22.76,22.73,NA,NA,22.68,NA,NA,22.69,NA,NA,NA,NA,NA,22.8,NA,NA,NA,22.99,NA
NA,NA,NA,NA,NA,NA,NA,NA,NA,NA,NA,NA,NA,NA,NA,NA,NA,NA,NA,NA,NA,NA,NA,NA,NA,NA,NA,NA,NA,NA,NA,NA,NA,NA,NA,NA,NA,NA,NA,NA,NA,NA,NA,NA,NA,NA,NA,NA,25.58,25.05,24.69,24.33,24,23.72,23.48,23.26,23.09,22.93,22.8,22.68,22.59,22.51,22.46,22.4,22.36,22.33,NA,22.29,NA,NA,22.28,NA,NA,NA,NA,NA,22.37,NA,NA,NA,22.54,NA
NA,NA,NA,NA,NA,NA,NA,NA,NA,NA,NA,NA,NA,NA,NA,NA,NA,NA,NA,NA,NA,NA,NA,NA,NA,NA,NA,NA,NA,NA,NA,NA,NA,NA,NA,NA,NA,NA,NA,NA,NA,NA,NA,NA,NA,NA,NA,NA,26.63,26.2,25.78,25.3,24.93,24.6,24.33,24.08,23.89,23.71,23.56,23.42,23.31,23.22,23.16,23.09,23.04,23,NA,22.95,NA,NA,22.93,NA,NA,NA,NA,NA,23.01,NA,NA,NA,23.18,NA
NA,NA,NA,NA,NA,NA,NA,NA,NA,NA,NA,NA,NA,NA,NA,NA,NA,NA,NA,NA,NA,NA,NA,NA,NA,NA,NA,NA,NA,NA,NA,NA,NA,NA,NA,NA,NA,NA,NA,NA,NA,NA,NA,NA,NA,NA,NA,NA,26.53,26.05,25.59,25.17,24.79,24.46,24.19,23.93,23.74,23.55,23.41,23.26,23.16,23.06,23,22.93,22.88,22.84,NA,22.79,NA,NA,22.77,NA,NA,NA,NA,NA,22.84,NA,NA,NA,23.01,NA
NA,NA,NA,NA,NA,NA,NA,NA,NA,NA,NA,NA,NA,NA,NA,NA,NA,NA,NA,NA,NA,NA,NA,NA,NA,NA,NA,NA,NA,NA,NA,NA,NA,NA,NA,NA,NA,NA,NA,NA,NA,NA,NA,NA,NA,NA,NA,NA,27.16,26.52,25.99,25.53,25.1,24.73,24.42,24.13,23.92,23.7,23.53,23.37,23.25,23.14,23.07,22.99,22.93,22.88,NA,22.82,NA,NA,22.78,NA,NA,NA,NA,NA,22.83,NA,NA,NA,22.99,NA
NA,NA,NA,NA,NA,NA,NA,NA,NA,NA,NA,NA,NA,NA,NA,NA,NA,NA,NA,NA,NA,NA,NA,NA,NA,NA,NA,NA,NA,NA,NA,NA,NA,NA,NA,NA,NA,NA,NA,NA,NA,NA,NA,NA,NA,NA,NA,NA,26.52,25.91,25.4,24.93,24.51,24.15,23.85,23.57,23.36,23.15,22.98,22.83,22.7,22.6,22.53,22.45,22.39,22.35,NA,22.28,NA,NA,22.24,NA,NA,NA,NA,NA,22.3,NA,NA,NA,22.45,NA
NA,NA,NA,NA,NA,NA,NA,NA,NA,NA,NA,NA,NA,NA,NA,NA,NA,NA,NA,NA,NA,NA,NA,NA,NA,NA,NA,NA,NA,NA,NA,NA,NA,NA,NA,NA,NA,NA,NA,NA,NA,NA,NA,NA,NA,NA,NA,NA,NA,26.42,25.82,25.26,24.87,24.47,24.14,23.83,23.6,23.37,23.18,23.01,22.87,22.76,22.68,22.59,22.52,22.47,22.42,22.39,NA,NA,22.34,NA,NA,NA,NA,NA,22.38,NA,NA,NA,22.53,NA
NA,NA,NA,NA,NA,NA,NA,NA,NA,NA,NA,NA,NA,NA,NA,NA,NA,NA,NA,NA,NA,NA,NA,NA,NA,NA,NA,NA,NA,NA,NA,NA,NA,NA,NA,NA,NA,NA,NA,NA,NA,NA,NA,NA,NA,NA,NA,NA,NA,26.06,25.63,25.16,24.71,24.34,24.04,23.75,23.53,23.32,23.15,22.99,22.86,22.75,22.68,22.6,22.54,22.49,22.45,22.42,NA,NA,22.38,NA,NA,NA,NA,NA,22.43,NA,NA,NA,22.58,NA
NA,NA,NA,NA,NA,NA,NA,NA,NA,NA,NA,NA,NA,NA,NA,NA,NA,NA,NA,NA,NA,NA,NA,NA,NA,NA,NA,NA,NA,NA,NA,NA,NA,NA,NA,NA,NA,NA,NA,NA,NA,NA,NA,NA,NA,NA,NA,NA,NA,25.03,24.7,24.4,24.07,23.81,23.6,23.4,23.25,23.1,22.98,22.87,22.78,22.71,22.66,22.61,22.58,22.55,22.53,22.52,NA,NA,22.51,NA,NA,NA,NA,NA,22.61,NA,NA,NA,22.79,NA
NA,NA,NA,NA,NA,NA,NA,NA,NA,NA,NA,NA,NA,NA,NA,NA,NA,NA,NA,NA,NA,NA,NA,NA,NA,NA,NA,NA,NA,NA,NA,NA,NA,NA,NA,NA,NA,NA,NA,NA,NA,NA,NA,NA,NA,NA,NA,NA,NA,26.41,25.97,25.55,25.12,24.77,24.49,24.22,24.01,23.81,23.65,23.5,23.39,23.29,23.22,23.15,23.09,23.04,23.01,22.98,NA,NA,22.95,NA,NA,NA,NA,NA,23.02,NA,NA,NA,23.18,NA
NA,NA,NA,NA,NA,NA,NA,NA,NA,NA,NA,NA,NA,NA,NA,NA,NA,NA,NA,NA,NA,NA,NA,NA,NA,NA,NA,NA,NA,NA,NA,NA,NA,NA,NA,NA,NA,NA,NA,NA,NA,NA,NA,NA,NA,NA,NA,NA,NA,28.48,27.9,27.18,26.68,26.15,25.75,25.36,25.07,24.79,24.56,24.34,24.17,24.03,23.92,23.81,23.73,23.65,23.6,23.55,NA,NA,23.47,NA,NA,NA,NA,NA,23.48,NA,NA,NA,23.62,NA
NA,NA,NA,NA,NA,NA,NA,NA,NA,NA,NA,NA,NA,NA,NA,NA,NA,NA,NA,NA,NA,NA,NA,NA,NA,NA,NA,NA,NA,NA,NA,NA,NA,NA,NA,NA,NA,NA,NA,NA,NA,NA,NA,NA,NA,NA,NA,NA,NA,NA,26.54,25.96,25.4,24.96,24.57,24.21,23.93,23.66,23.45,23.24,23.08,22.94,22.84,22.74,22.65,22.59,22.53,22.49,NA,NA,22.41,NA,NA,NA,NA,NA,22.42,NA,NA,NA,22.55,NA
NA,NA,NA,NA,NA,NA,NA,NA,NA,NA,NA,NA,NA,NA,NA,NA,NA,NA,NA,NA,NA,NA,NA,NA,NA,NA,NA,NA,NA,NA,NA,NA,NA,NA,NA,NA,NA,NA,NA,NA,NA,NA,NA,NA,NA,NA,NA,NA,NA,NA,24.15,23.79,23.51,23.06,22.76,22.48,22.27,22.07,21.9,21.74,21.62,21.52,21.44,21.37,21.31,21.26,21.22,21.19,NA,NA,21.14,NA,NA,21.15,NA,NA,21.18,NA,NA,NA,21.33,NA
NA,NA,NA,NA,NA,NA,NA,NA,NA,NA,NA,NA,NA,NA,NA,NA,NA,NA,NA,NA,NA,NA,NA,NA,NA,NA,NA,NA,NA,NA,NA,NA,NA,NA,NA,NA,NA,NA,NA,NA,NA,NA,NA,NA,NA,NA,NA,NA,NA,NA,25.07,24.65,24.01,23.64,23.29,22.96,22.72,22.47,22.28,22.09,21.94,21.82,21.73,21.64,21.56,21.5,21.45,21.41,NA,NA,21.35,NA,NA,21.34,NA,NA,21.36,NA,NA,NA,21.5,NA
NA,NA,NA,NA,NA,NA,NA,NA,NA,NA,NA,NA,NA,NA,NA,NA,NA,NA,NA,NA,NA,NA,NA,NA,NA,NA,NA,NA,NA,NA,NA,NA,NA,NA,NA,NA,NA,NA,NA,NA,NA,NA,NA,NA,NA,NA,NA,NA,NA,NA,25.42,24.92,24.4,24.02,23.67,23.34,23.1,22.85,22.66,22.47,22.33,22.2,22.11,22.02,21.95,21.88,21.84,21.8,NA,NA,21.73,NA,NA,21.72,NA,NA,21.75,NA,NA,NA,21.89,NA
NA,NA,NA,NA,NA,NA,NA,NA,NA,NA,NA,NA,NA,NA,NA,NA,NA,NA,NA,NA,NA,NA,NA,NA,NA,NA,NA,NA,NA,NA,NA,NA,NA,NA,NA,NA,NA,NA,NA,NA,NA,NA,NA,NA,NA,NA,NA,NA,NA,NA,NA,23.77,23.51,23.36,23.13,22.94,22.8,22.65,22.54,22.43,22.35,22.28,22.23,22.18,22.15,22.12,22.1,22.09,22.08,NA,22.08,NA,NA,22.11,NA,NA,22.17,NA,NA,NA,22.35,NA
NA,NA,NA,NA,NA,NA,NA,NA,NA,NA,NA,NA,NA,NA,NA,NA,NA,NA,NA,NA,NA,NA,NA,NA,NA,NA,NA,NA,NA,NA,NA,NA,NA,NA,NA,NA,NA,NA,NA,NA,NA,NA,NA,NA,NA,NA,NA,NA,NA,NA,NA,23.73,23.47,23.16,22.96,22.77,22.62,22.47,22.35,22.24,22.15,22.08,22.03,21.98,21.94,21.91,21.89,21.88,21.87,NA,21.87,NA,NA,21.9,NA,NA,21.95,NA,NA,NA,22.12,NA
NA,NA,NA,NA,NA,NA,NA,NA,NA,NA,NA,NA,NA,NA,NA,NA,NA,NA,NA,NA,NA,NA,NA,NA,NA,NA,NA,NA,NA,NA,NA,NA,NA,NA,NA,NA,NA,NA,NA,NA,NA,NA,NA,NA,NA,NA,NA,NA,NA,NA,NA,23.55,23.25,23.08,22.9,22.75,22.64,22.53,22.44,22.36,22.3,22.25,22.21,22.18,22.15,22.14,22.13,22.12,22.12,NA,22.13,NA,NA,22.18,NA,NA,22.25,NA,NA,NA,22.43,NA
NA,NA,NA,NA,NA,NA,NA,NA,NA,NA,NA,NA,NA,NA,NA,NA,NA,NA,NA,NA,NA,NA,NA,NA,NA,NA,NA,NA,NA,NA,NA,NA,NA,NA,NA,NA,NA,NA,NA,NA,NA,NA,NA,NA,NA,NA,NA,NA,NA,NA,NA,22.29,22.12,22.06,21.85,21.71,21.61,21.51,21.43,21.35,21.3,21.25,21.22,21.19,21.16,21.15,21.14,21.14,21.14,NA,21.15,NA,NA,21.2,NA,NA,21.26,NA,NA,NA,21.44,NA
NA,NA,NA,NA,NA,NA,NA,NA,NA,NA,NA,NA,NA,NA,NA,NA,NA,NA,NA,NA,NA,NA,NA,NA,NA,NA,NA,NA,NA,NA,NA,NA,NA,NA,NA,NA,NA,NA,NA,NA,NA,NA,NA,NA,NA,NA,NA,NA,NA,NA,NA,NA,21.4,21.28,21.3,21.25,21.22,21.18,21.15,21.13,21.12,21.11,21.11,21.11,21.11,21.12,21.13,21.14,21.16,NA,21.2,NA,NA,21.27,NA,NA,21.36,NA,NA,NA,21.56,NA
NA,NA,NA,NA,NA,NA,NA,NA,NA,NA,NA,NA,NA,NA,NA,NA,NA,NA,NA,NA,NA,NA,NA,NA,NA,NA,NA,NA,NA,NA,NA,NA,NA,NA,NA,NA,NA,NA,NA,NA,NA,NA,NA,NA,NA,NA,NA,NA,NA,NA,NA,NA,23.22,22.86,22.7,22.5,22.35,22.2,22.09,21.98,21.89,21.82,21.77,21.72,21.68,21.65,21.62,21.61,21.6,21.59,21.6,NA,NA,21.62,NA,NA,21.68,NA,NA,NA,21.84,NA
NA,NA,NA,NA,NA,NA,NA,NA,NA,NA,NA,NA,NA,NA,NA,NA,NA,NA,NA,NA,NA,NA,NA,NA,NA,NA,NA,NA,NA,NA,NA,NA,NA,NA,NA,NA,NA,NA,NA,NA,NA,NA,NA,NA,NA,NA,NA,NA,NA,NA,NA,NA,21.56,21.36,21.12,20.96,20.82,20.68,20.57,20.46,20.37,20.3,20.25,20.2,20.16,20.13,20.11,20.1,20.09,20.08,20.08,NA,NA,20.1,NA,NA,20.15,NA,NA,NA,20.31,NA
NA,NA,NA,NA,NA,NA,NA,NA,NA,NA,NA,NA,NA,NA,NA,NA,NA,NA,NA,NA,NA,NA,NA,NA,NA,NA,NA,NA,NA,NA,NA,NA,NA,NA,NA,NA,NA,NA,NA,NA,NA,NA,NA,NA,NA,NA,NA,NA,NA,NA,NA,NA,20.38,20.34,20.29,20.23,20.18,20.14,20.11,20.08,20.06,20.04,20.03,20.03,20.03,20.03,20.04,20.05,20.06,20.07,20.09,NA,NA,20.16,NA,NA,20.24,NA,NA,NA,20.42,NA
NA,NA,NA,NA,NA,NA,NA,NA,NA,NA,NA,NA,NA,NA,NA,NA,NA,NA,NA,NA,NA,NA,NA,NA,NA,NA,NA,NA,NA,NA,NA,NA,NA,NA,NA,NA,NA,NA,NA,NA,NA,NA,NA,NA,NA,NA,NA,NA,NA,NA,NA,NA,NA,20.48,20.34,20.27,20.22,20.17,20.12,20.08,20.04,20.02,20,19.99,19.98,19.98,19.98,19.99,20,20.01,20.02,NA,NA,20.08,NA,NA,20.15,NA,NA,NA,20.33,20.53
NA,NA,NA,NA,NA,NA,NA,NA,NA,NA,NA,NA,NA,NA,NA,NA,NA,NA,NA,NA,NA,NA,NA,NA,NA,NA,NA,NA,NA,NA,NA,NA,NA,NA,NA,NA,NA,NA,NA,NA,NA,NA,NA,NA,NA,NA,NA,NA,NA,NA,NA,NA,NA,21.05,20.94,20.87,20.78,20.7,20.65,20.59,20.55,20.52,20.5,20.48,20.46,20.45,20.45,20.45,20.46,20.47,20.48,NA,NA,20.53,NA,NA,20.6,NA,NA,NA,20.78,20.98
NA,NA,NA,NA,NA,NA,NA,NA,NA,NA,NA,NA,NA,NA,NA,NA,NA,NA,NA,NA,NA,NA,NA,NA,NA,NA,NA,NA,NA,NA,NA,NA,NA,NA,NA,NA,NA,NA,NA,NA,NA,NA,NA,NA,NA,NA,NA,NA,NA,NA,NA,NA,NA,20.12,20.01,20.02,20.02,20,19.99,19.98,19.98,19.98,19.98,19.99,20,20.01,20.02,20.04,20.06,20.08,20.1,NA,NA,20.18,NA,NA,20.26,NA,NA,NA,20.46,20.67
NA,NA,NA,NA,NA,NA,NA,NA,NA,NA,NA,NA,NA,NA,NA,NA,NA,NA,NA,NA,NA,NA,NA,NA,NA,NA,NA,NA,NA,NA,NA,NA,NA,NA,NA,NA,NA,NA,NA,NA,NA,NA,NA,NA,NA,NA,NA,NA,NA,NA,NA,NA,NA,17.89,18.13,18.22,18.43,18.59,18.72,18.85,18.96,19.07,19.14,19.23,19.31,19.39,19.46,19.52,19.58,19.64,19.7,NA,NA,19.85,NA,NA,19.99,NA,NA,NA,20.25,20.5
NA,NA,NA,NA,NA,NA,NA,NA,NA,NA,NA,NA,NA,NA,NA,NA,NA,NA,NA,NA,NA,NA,NA,NA,NA,NA,NA,NA,NA,NA,NA,NA,NA,NA,NA,NA,NA,NA,NA,NA,NA,NA,NA,NA,NA,NA,NA,NA,NA,NA,NA,NA,NA,17.39,17.63,17.88,18.03,18.21,18.37,18.53,18.66,18.78,18.87,18.98,19.07,19.16,19.24,19.31,19.38,19.45,19.5,NA,NA,19.68,NA,NA,19.83,NA,NA,NA,20.1,20.35
NA,NA,NA,NA,NA,NA,NA,NA,NA,NA,NA,NA,NA,NA,NA,NA,NA,NA,NA,NA,NA,NA,NA,NA,NA,NA,NA,NA,NA,NA,NA,NA,NA,NA,NA,NA,NA,NA,NA,NA,NA,NA,NA,NA,NA,NA,NA,NA,NA,NA,NA,NA,NA,NA,18.1,18.37,18.49,18.65,18.78,18.91,19.02,19.12,19.2,19.29,19.37,19.44,19.51,19.57,19.63,19.69,19.74,19.8,NA,19.9,NA,NA,20.04,NA,NA,NA,20.3,20.54
NA,NA,NA,NA,NA,NA,NA,NA,NA,NA,NA,NA,NA,NA,NA,NA,NA,NA,NA,NA,NA,NA,NA,NA,NA,NA,NA,NA,NA,NA,NA,NA,NA,NA,NA,NA,NA,NA,NA,NA,NA,NA,NA,NA,NA,NA,NA,NA,NA,NA,NA,NA,NA,NA,18.48,18.69,18.81,18.98,19.12,19.26,19.38,19.49,19.57,19.66,19.75,19.82,19.9,19.97,20.03,20.09,20.14,20.2,NA,20.31,NA,NA,20.45,NA,NA,NA,20.72,20.97
NA,NA,NA,NA,NA,NA,NA,NA,NA,NA,NA,NA,NA,NA,NA,NA,NA,NA,NA,NA,NA,NA,NA,NA,NA,NA,NA,NA,NA,NA,NA,NA,NA,NA,NA,NA,NA,NA,NA,NA,NA,NA,NA,NA,NA,NA,NA,NA,NA,NA,NA,NA,NA,NA,18.43,18.6,18.8,18.93,19.07,19.22,19.34,19.44,19.52,19.62,19.71,19.79,19.86,19.93,19.99,20.05,20.11,20.16,NA,20.27,NA,NA,20.42,NA,NA,NA,20.69,20.93
NA,NA,NA,NA,NA,NA,NA,NA,NA,NA,NA,NA,NA,NA,NA,NA,NA,NA,NA,NA,NA,NA,NA,NA,NA,NA,NA,NA,NA,NA,NA,NA,NA,NA,NA,NA,NA,NA,NA,NA,NA,NA,NA,NA,NA,NA,NA,NA,NA,NA,NA,NA,NA,NA,18.58,18.77,18.89,19.01,19.11,19.22,19.3,19.38,19.44,19.51,19.58,19.64,19.7,19.75,19.8,19.85,19.89,19.94,NA,20.03,NA,NA,20.16,NA,NA,NA,20.41,20.64
NA,NA,NA,NA,NA,NA,NA,NA,NA,NA,NA,NA,NA,NA,NA,NA,NA,NA,NA,NA,NA,NA,NA,NA,NA,NA,NA,NA,NA,NA,NA,NA,NA,NA,NA,NA,NA,NA,NA,NA,NA,NA,NA,NA,NA,NA,NA,NA,NA,NA,NA,NA,NA,NA,NA,17.42,17.59,17.78,17.95,18.11,18.23,18.35,18.43,18.53,18.62,18.7,18.78,18.85,18.91,18.98,19.03,19.09,19.15,19.2,NA,NA,19.34,NA,NA,NA,19.6,19.84
NA,NA,NA,NA,NA,NA,NA,NA,NA,NA,NA,NA,NA,NA,NA,NA,NA,NA,NA,NA,NA,NA,NA,NA,NA,NA,NA,NA,NA,NA,NA,NA,NA,NA,NA,NA,NA,NA,NA,NA,NA,NA,NA,NA,NA,NA,NA,NA,NA,NA,NA,NA,NA,NA,NA,18.69,18.82,18.9,19.03,19.13,19.21,19.29,19.35,19.42,19.48,19.54,19.59,19.64,19.69,19.74,19.78,19.83,19.88,19.92,NA,NA,20.04,NA,NA,NA,20.28,20.52
NA,NA,NA,NA,NA,NA,NA,NA,NA,NA,NA,NA,NA,NA,NA,NA,NA,NA,NA,NA,NA,NA,NA,NA,NA,NA,NA,NA,NA,NA,NA,NA,NA,NA,NA,NA,NA,NA,NA,NA,NA,NA,NA,NA,NA,NA,NA,NA,NA,NA,NA,NA,NA,NA,NA,18.74,18.94,19,19.12,19.22,19.3,19.38,19.43,19.5,19.56,19.62,19.67,19.73,19.77,19.82,19.87,19.91,19.96,20,NA,NA,20.12,NA,NA,NA,20.36,20.6
NA,NA,NA,NA,NA,NA,NA,NA,NA,NA,NA,NA,NA,NA,NA,NA,NA,NA,NA,NA,NA,NA,NA,NA,NA,NA,NA,NA,NA,NA,NA,NA,NA,NA,NA,NA,NA,NA,NA,NA,NA,NA,NA,NA,NA,NA,NA,NA,NA,NA,NA,NA,NA,NA,NA,19.09,19.13,19.22,19.24,19.28,19.32,19.36,19.39,19.42,19.45,19.49,19.52,19.55,19.58,19.61,19.64,19.68,19.71,19.74,NA,NA,19.85,NA,NA,NA,20.06,20.27
NA,NA,NA,NA,NA,NA,NA,NA,NA,NA,NA,NA,NA,NA,NA,NA,NA,NA,NA,NA,NA,NA,NA,NA,NA,NA,NA,NA,NA,NA,NA,NA,NA,NA,NA,NA,NA,NA,NA,NA,NA,NA,NA,NA,NA,NA,NA,NA,NA,NA,NA,NA,NA,NA,NA,20.45,20.35,20.38,20.28,20.29,20.28,20.27,20.26,20.26,20.26,20.26,20.27,20.28,20.29,20.31,20.32,20.34,20.36,20.39,NA,NA,20.46,NA,NA,NA,20.65,20.86
NA,NA,NA,NA,NA,NA,NA,NA,NA,NA,NA,NA,NA,NA,NA,NA,NA,NA,NA,NA,NA,NA,NA,NA,NA,NA,NA,NA,NA,NA,NA,NA,NA,NA,NA,NA,NA,NA,NA,NA,NA,NA,NA,NA,NA,NA,NA,NA,NA,NA,NA,NA,NA,NA,NA,NA,21.37,21.3,21.28,21.3,21.28,21.27,21.26,21.25,21.25,21.26,21.26,21.27,21.28,21.3,21.32,21.33,21.36,21.38,NA,NA,21.46,NA,NA,21.55,21.66,21.87
NA,NA,NA,NA,NA,NA,NA,NA,NA,NA,NA,NA,NA,NA,NA,NA,NA,NA,NA,NA,NA,NA,NA,NA,NA,NA,NA,NA,NA,NA,NA,NA,NA,NA,NA,NA,NA,NA,NA,NA,NA,NA,NA,NA,NA,NA,NA,NA,NA,NA,NA,NA,NA,NA,NA,NA,20.8,20.85,20.93,21.02,21.07,21.1,21.13,21.17,21.2,21.23,21.27,21.3,21.33,21.37,21.4,21.43,21.47,21.5,NA,NA,21.61,NA,NA,21.72,21.84,22.07
NA,NA,NA,NA,NA,NA,NA,NA,NA,NA,NA,NA,NA,NA,NA,NA,NA,NA,NA,NA,NA,NA,NA,NA,NA,NA,NA,NA,NA,NA,NA,NA,NA,NA,NA,NA,NA,NA,NA,NA,NA,NA,NA,NA,NA,NA,NA,NA,NA,NA,NA,NA,NA,NA,NA,NA,22.39,22.2,22.22,22.21,22.18,22.15,22.13,22.12,22.11,22.1,22.1,22.1,22.11,22.12,22.13,22.15,22.17,22.19,NA,NA,22.26,NA,NA,22.35,22.45,22.67
NA,NA,NA,NA,NA,NA,NA,NA,NA,NA,NA,NA,NA,NA,NA,NA,NA,NA,NA,NA,NA,NA,NA,NA,NA,NA,NA,NA,NA,NA,NA,NA,NA,NA,NA,NA,NA,NA,NA,NA,NA,NA,NA,NA,NA,NA,NA,NA,NA,NA,NA,NA,NA,NA,NA,NA,20.38,20.57,20.56,20.75,20.85,20.93,21,21.08,21.14,21.21,21.27,21.32,21.37,21.43,21.47,21.52,21.57,21.62,NA,NA,21.75,NA,NA,21.88,22.01,22.26
NA,NA,NA,NA,NA,NA,NA,NA,NA,NA,NA,NA,NA,NA,NA,NA,NA,NA,NA,NA,NA,NA,NA,NA,NA,NA,NA,NA,NA,NA,NA,NA,NA,NA,NA,NA,NA,NA,NA,NA,NA,NA,NA,NA,NA,NA,NA,NA,NA,NA,NA,NA,NA,NA,NA,NA,NA,20.16,20.4,20.53,20.64,20.76,20.84,20.95,21.03,21.12,21.19,21.26,21.33,21.39,21.45,21.5,21.56,21.62,NA,NA,21.77,NA,NA,21.91,22.05,22.31
NA,NA,NA,NA,NA,NA,NA,NA,NA,NA,NA,NA,NA,NA,NA,NA,NA,NA,NA,NA,NA,NA,NA,NA,NA,NA,NA,NA,NA,NA,NA,NA,NA,NA,NA,NA,NA,NA,NA,NA,NA,NA,NA,NA,NA,NA,NA,NA,NA,NA,NA,NA,NA,NA,NA,NA,NA,19.97,20.13,20.25,20.41,20.54,20.63,20.74,20.84,20.92,21.01,21.08,21.15,21.22,21.27,21.33,21.4,21.45,21.5,NA,21.61,NA,NA,21.75,21.89,22.15
NA,NA,NA,NA,NA,NA,NA,NA,NA,NA,NA,NA,NA,NA,NA,NA,NA,NA,NA,NA,NA,NA,NA,NA,NA,NA,NA,NA,NA,NA,NA,NA,NA,NA,NA,NA,NA,NA,NA,NA,NA,NA,NA,NA,NA,NA,NA,NA,NA,NA,NA,NA,NA,NA,NA,NA,NA,19.91,20.12,20.3,20.45,20.59,20.69,20.81,20.91,21,21.09,21.17,21.24,21.31,21.38,21.44,21.5,21.56,21.61,NA,21.72,NA,NA,21.87,22.01,22.28
NA,NA,NA,NA,NA,NA,NA,NA,NA,NA,NA,NA,NA,NA,NA,NA,NA,NA,NA,NA,NA,NA,NA,NA,NA,NA,NA,NA,NA,NA,NA,NA,NA,NA,NA,NA,NA,NA,NA,NA,NA,NA,NA,NA,NA,NA,NA,NA,NA,NA,NA,NA,NA,NA,NA,NA,NA,20.75,20.91,21,21.06,21.13,21.18,21.24,21.3,21.35,21.4,21.44,21.49,21.53,21.57,21.61,21.66,21.7,21.74,NA,21.82,NA,NA,21.94,22.06,22.31
NA,NA,NA,NA,NA,NA,NA,NA,NA,NA,NA,NA,NA,NA,NA,NA,NA,NA,NA,NA,NA,NA,NA,NA,NA,NA,NA,NA,NA,NA,NA,NA,NA,NA,NA,NA,NA,NA,NA,NA,NA,NA,NA,NA,NA,NA,NA,NA,NA,NA,NA,NA,NA,NA,NA,NA,NA,NA,21.12,21.16,21.32,21.36,21.4,21.46,21.5,21.55,21.59,21.64,21.67,21.72,21.75,21.79,21.83,21.87,21.91,NA,21.99,NA,NA,22.11,22.23,22.47
NA,NA,NA,NA,NA,NA,NA,NA,NA,NA,NA,NA,NA,NA,NA,NA,NA,NA,NA,NA,NA,NA,NA,NA,NA,NA,NA,NA,NA,NA,NA,NA,NA,NA,NA,NA,NA,NA,NA,NA,NA,NA,NA,NA,NA,NA,NA,NA,NA,NA,NA,NA,NA,NA,NA,NA,NA,NA,21.16,21.23,21.21,21.25,21.26,21.28,21.3,21.32,21.34,21.37,21.39,21.41,21.44,21.46,21.49,21.52,21.55,NA,21.62,NA,NA,21.72,21.83,22.05
NA,NA,NA,NA,NA,NA,NA,NA,NA,NA,NA,NA,NA,NA,NA,NA,NA,NA,NA,NA,NA,NA,NA,NA,NA,NA,NA,NA,NA,NA,NA,NA,NA,NA,NA,NA,NA,NA,NA,NA,NA,NA,NA,NA,NA,NA,NA,NA,NA,NA,NA,NA,NA,NA,NA,NA,NA,NA,21.37,21.39,21.46,21.46,21.49,21.51,21.54,21.56,21.59,21.61,21.64,21.66,21.69,21.72,21.75,21.78,21.81,21.85,21.88,NA,NA,21.98,22.09,22.32
NA,NA,NA,NA,NA,NA,NA,NA,NA,NA,NA,NA,NA,NA,NA,NA,NA,NA,NA,NA,NA,NA,NA,NA,NA,NA,NA,NA,NA,NA,NA,NA,NA,NA,NA,NA,NA,NA,NA,NA,NA,NA,NA,NA,NA,NA,NA,NA,NA,NA,NA,NA,NA,NA,NA,NA,NA,NA,21.04,21.06,21.17,21.21,21.24,21.27,21.31,21.34,21.37,21.4,21.43,21.46,21.49,21.52,21.56,21.59,21.62,21.66,21.69,NA,NA,21.8,21.91,22.14
NA,NA,NA,NA,NA,NA,NA,NA,NA,NA,NA,NA,NA,NA,NA,NA,NA,NA,NA,NA,NA,NA,NA,NA,NA,NA,NA,NA,NA,NA,NA,NA,NA,NA,NA,NA,NA,NA,NA,NA,NA,NA,NA,NA,NA,NA,NA,NA,NA,NA,NA,NA,NA,NA,NA,NA,NA,NA,NA,22.02,22.04,22.04,22.03,22.03,22.03,22.03,22.03,22.04,22.05,22.06,22.08,22.09,22.12,22.14,22.16,22.19,22.22,NA,NA,22.31,22.41,22.63
NA,NA,NA,NA,NA,NA,NA,NA,NA,NA,NA,NA,NA,NA,NA,NA,NA,NA,NA,NA,NA,NA,NA,NA,NA,NA,NA,NA,NA,NA,NA,NA,NA,NA,NA,NA,NA,NA,NA,NA,NA,NA,NA,NA,NA,NA,NA,NA,NA,NA,NA,NA,NA,NA,NA,NA,NA,NA,NA,23.13,23,22.89,22.81,22.72,22.65,22.59,22.54,22.5,22.46,22.44,22.42,22.41,22.41,22.41,22.41,22.42,22.43,NA,NA,22.49,22.56,22.76
NA,NA,NA,NA,NA,NA,NA,NA,NA,NA,NA,NA,NA,NA,NA,NA,NA,NA,NA,NA,NA,NA,NA,NA,NA,NA,NA,NA,NA,NA,NA,NA,NA,NA,NA,NA,NA,NA,NA,NA,NA,NA,NA,NA,NA,NA,NA,NA,NA,NA,NA,NA,NA,NA,NA,NA,NA,NA,NA,20.85,20.92,21.05,21.1,21.17,21.24,21.3,21.35,21.4,21.45,21.5,21.54,21.58,21.63,21.67,21.71,21.76,21.8,NA,NA,21.92,22.04,22.29
NA,NA,NA,NA,NA,NA,NA,NA,NA,NA,NA,NA,NA,NA,NA,NA,NA,NA,NA,NA,NA,NA,NA,NA,NA,NA,NA,NA,NA,NA,NA,NA,NA,NA,NA,NA,NA,NA,NA,NA,NA,NA,NA,NA,NA,NA,NA,NA,NA,NA,NA,NA,NA,NA,NA,NA,NA,NA,NA,21.93,22.01,22.11,22.11,22.16,22.2,22.23,22.27,22.3,22.34,22.37,22.4,22.43,22.47,22.51,22.54,22.58,22.61,NA,NA,22.73,22.84,23.08
NA,NA,NA,NA,NA,NA,NA,NA,NA,NA,NA,NA,NA,NA,NA,NA,NA,NA,NA,NA,NA,NA,NA,NA,NA,NA,NA,NA,NA,NA,NA,NA,NA,NA,NA,NA,NA,NA,NA,NA,NA,NA,NA,NA,NA,NA,NA,NA,NA,NA,NA,NA,NA,NA,NA,NA,NA,NA,NA,22.41,22.38,22.41,22.47,22.49,22.5,22.51,22.53,22.55,22.57,22.59,22.61,22.63,22.66,22.68,22.71,22.74,22.77,NA,NA,22.87,22.98,23.21
NA,NA,NA,NA,NA,NA,NA,NA,NA,NA,NA,NA,NA,NA,NA,NA,NA,NA,NA,NA,NA,NA,NA,NA,NA,NA,NA,NA,NA,NA,NA,NA,NA,NA,NA,NA,NA,NA,NA,NA,NA,NA,NA,NA,NA,NA,NA,NA,NA,NA,NA,NA,NA,NA,NA,NA,NA,NA,NA,NA,21.68,21.74,21.75,21.78,21.81,21.84,21.87,21.9,21.92,21.95,21.98,22.01,22.04,22.07,22.1,22.14,22.17,NA,NA,22.27,22.39,22.62
NA,NA,NA,NA,NA,NA,NA,NA,NA,NA,NA,NA,NA,NA,NA,NA,NA,NA,NA,NA,NA,NA,NA,NA,NA,NA,NA,NA,NA,NA,NA,NA,NA,NA,NA,NA,NA,NA,NA,NA,NA,NA,NA,NA,NA,NA,NA,NA,NA,NA,NA,NA,NA,NA,NA,NA,NA,NA,NA,NA,22.33,22.39,22.28,22.24,22.2,22.17,22.15,22.13,22.11,22.11,22.1,22.1,22.11,22.12,22.13,22.14,22.16,22.18,NA,22.23,22.31,22.51
NA,NA,NA,NA,NA,NA,NA,NA,NA,NA,NA,NA,NA,NA,NA,NA,NA,NA,NA,NA,NA,NA,NA,NA,NA,NA,NA,NA,NA,NA,NA,NA,NA,NA,NA,NA,NA,NA,NA,NA,NA,NA,NA,NA,NA,NA,NA,NA,NA,NA,NA,NA,NA,NA,NA,NA,NA,NA,NA,NA,21.98,22,21.93,21.92,21.91,21.9,21.89,21.88,21.88,21.88,21.89,21.9,21.91,21.93,21.94,21.97,21.99,22.01,NA,22.07,22.16,22.36
NA,NA,NA,NA,NA,NA,NA,NA,NA,NA,NA,NA,NA,NA,NA,NA,NA,NA,NA,NA,NA,NA,NA,NA,NA,NA,NA,NA,NA,NA,NA,NA,NA,NA,NA,NA,NA,NA,NA,NA,NA,NA,NA,NA,NA,NA,NA,NA,NA,NA,NA,NA,NA,NA,NA,NA,NA,NA,NA,NA,22.18,22.14,22.12,22.14,22.15,22.16,22.17,22.18,22.2,22.21,22.23,22.25,22.27,22.29,22.32,22.34,22.37,22.4,NA,22.46,22.56,22.78
NA,NA,NA,NA,NA,NA,NA,NA,NA,NA,NA,NA,NA,NA,NA,NA,NA,NA,NA,NA,NA,NA,NA,NA,NA,NA,NA,NA,NA,NA,NA,NA,NA,NA,NA,NA,NA,NA,NA,NA,NA,NA,NA,NA,NA,NA,NA,NA,NA,NA,NA,NA,NA,NA,NA,NA,NA,NA,NA,NA,22.63,22.53,22.5,22.41,22.35,22.3,22.25,22.21,22.18,22.16,22.15,22.14,22.13,22.13,22.13,22.14,22.15,22.17,NA,22.2,22.28,22.46
NA,NA,NA,NA,NA,NA,NA,NA,NA,NA,NA,NA,NA,NA,NA,NA,NA,NA,NA,NA,NA,NA,NA,NA,NA,NA,NA,NA,NA,NA,NA,NA,NA,NA,NA,NA,NA,NA,NA,NA,NA,NA,NA,NA,NA,NA,NA,NA,NA,NA,NA,NA,NA,NA,NA,NA,NA,NA,NA,NA,NA,24.36,24.15,23.79,23.61,23.44,23.28,23.15,23.04,22.95,22.87,22.81,22.75,22.7,22.67,22.64,22.63,22.62,22.61,22.61,22.64,22.77
NA,NA,NA,NA,NA,NA,NA,NA,NA,NA,NA,NA,NA,NA,NA,NA,NA,NA,NA,NA,NA,NA,NA,NA,NA,NA,NA,NA,NA,NA,NA,NA,NA,NA,NA,NA,NA,NA,NA,NA,NA,NA,NA,NA,NA,NA,NA,NA,NA,NA,NA,NA,NA,NA,NA,NA,NA,NA,NA,NA,NA,24.79,24.45,24.24,24.02,23.82,23.65,23.49,23.37,23.26,23.18,23.1,23.03,22.98,22.94,22.91,22.89,22.87,22.86,22.86,22.88,23
NA,NA,NA,NA,NA,NA,NA,NA,NA,NA,NA,NA,NA,NA,NA,NA,NA,NA,NA,NA,NA,NA,NA,NA,NA,NA,NA,NA,NA,NA,NA,NA,NA,NA,NA,NA,NA,NA,NA,NA,NA,NA,NA,NA,NA,NA,NA,NA,NA,NA,NA,NA,NA,NA,NA,NA,NA,NA,NA,NA,NA,23.76,23.5,23.24,23.09,22.91,22.76,22.62,22.52,22.42,22.35,22.28,22.22,22.18,22.14,22.11,22.09,22.08,22.08,22.07,22.1,22.23
